UF;Cod_Infracao;Quantidade
ACRE;5002;64
ALAGOAS;5002;57
AMAZONAS;5002;14137
AMAPA;5002;35
BAHIA;5002;356
CEARA;5002;141
DISTRITO FEDERAL;5002;216
ESPIRITO SANTO;5002;502
GOIAS;5002;853
MARANHAO;5002;90
MATO GROSSO;5002;390
MATO GROSSO DO SUL;5002;2631
MINAS GERAIS;5002;24595
PARA;5002;496
PARAIBA;5002;34
PARANA;5002;26034
PERNAMBUCO;5002;276
PIAUI;5002;27
RIO DE JANEIRO;5002;1498
RIO GRANDE DO NORTE;5002;94
RIO GRANDE DO SUL;5002;6561
RONDONIA;5002;326
RORAIMA;5002;726
SANTA CATARINA;5002;11896
SAO PAULO;5002;78684
SERGIPE;5002;62
TOCANTINS;5002;58
ACRE;5010;586
ALAGOAS;5010;583
AMAZONAS;5010;617
AMAPA;5010;457
BAHIA;5010;2910
CEARA;5010;1954
DISTRITO FEDERAL;5010;1719
ESPIRITO SANTO;5010;689
GOIAS;5010;3084
MARANHAO;5010;3054
MATO GROSSO;5010;1903
MATO GROSSO DO SUL;5010;1198
MINAS GERAIS;5010;11300
PARA;5010;1828
PARAIBA;5010;932
PARANA;5010;3372
PERNAMBUCO;5010;1323
PIAUI;5010;653
RIO DE JANEIRO;5010;3180
RIO GRANDE DO NORTE;5010;941
RIO GRANDE DO SUL;5010;2282
RONDONIA;5010;1114
RORAIMA;5010;87
SANTA CATARINA;5010;3020
SAO PAULO;5010;14500
SERGIPE;5010;432
TOCANTINS;5010;260
ACRE;5029;7
ALAGOAS;5029;8
AMAZONAS;5029;6
AMAPA;5029;1
BAHIA;5029;5
CEARA;5029;8
DISTRITO FEDERAL;5029;30
ESPIRITO SANTO;5029;71
GOIAS;5029;15
MARANHAO;5029;5
MATO GROSSO;5029;12
MATO GROSSO DO SUL;5029;73
MINAS GERAIS;5029;291
PARA;5029;8
PARAIBA;5029;13
PARANA;5029;377
PERNAMBUCO;5029;25
RIO DE JANEIRO;5029;166
RIO GRANDE DO NORTE;5029;3
RIO GRANDE DO SUL;5029;292
RONDONIA;5029;12
RORAIMA;5029;1
SANTA CATARINA;5029;770
SAO PAULO;5029;572
SERGIPE;5029;4
ACRE;5037;22
ALAGOAS;5037;29
AMAZONAS;5037;59
AMAPA;5037;28
BAHIA;5037;125
CEARA;5037;114
DISTRITO FEDERAL;5037;92
ESPIRITO SANTO;5037;36
GOIAS;5037;135
MARANHAO;5037;90
MATO GROSSO;5037;61
MATO GROSSO DO SUL;5037;58
MINAS GERAIS;5037;786
PARA;5037;36
PARAIBA;5037;24
PARANA;5037;176
PERNAMBUCO;5037;71
PIAUI;5037;33
RIO DE JANEIRO;5037;250
RIO GRANDE DO NORTE;5037;28
RIO GRANDE DO SUL;5037;439
RONDONIA;5037;28
RORAIMA;5037;2
SANTA CATARINA;5037;108
SAO PAULO;5037;947
SERGIPE;5037;15
TOCANTINS;5037;8
ACRE;5045;404
ALAGOAS;5045;68
AMAZONAS;5045;140
AMAPA;5045;196
BAHIA;5045;1022
CEARA;5045;714
DISTRITO FEDERAL;5045;912
ESPIRITO SANTO;5045;312
GOIAS;5045;917
MARANHAO;5045;454
MATO GROSSO;5045;346
MATO GROSSO DO SUL;5045;518
MINAS GERAIS;5045;2581
PARA;5045;341
PARAIBA;5045;201
PARANA;5045;907
PERNAMBUCO;5045;433
PIAUI;5045;133
RIO DE JANEIRO;5045;1063
RIO GRANDE DO NORTE;5045;238
RIO GRANDE DO SUL;5045;1479
RONDONIA;5045;314
RORAIMA;5045;26
SANTA CATARINA;5045;1491
SAO PAULO;5045;6874
SERGIPE;5045;171
TOCANTINS;5045;113
ACRE;5053;6
ALAGOAS;5053;19
AMAZONAS;5053;12
AMAPA;5053;7
BAHIA;5053;156
CEARA;5053;296
DISTRITO FEDERAL;5053;20
ESPIRITO SANTO;5053;20
GOIAS;5053;127
MARANHAO;5053;4
MATO GROSSO;5053;34
MATO GROSSO DO SUL;5053;28
MINAS GERAIS;5053;255
PARA;5053;66
PARAIBA;5053;43
PARANA;5053;82
PERNAMBUCO;5053;78
PIAUI;5053;21
RIO DE JANEIRO;5053;42
RIO GRANDE DO NORTE;5053;32
RIO GRANDE DO SUL;5053;98
RONDONIA;5053;18
RORAIMA;5053;4
SANTA CATARINA;5053;130
SAO PAULO;5053;265
SERGIPE;5053;16
TOCANTINS;5053;6
ACRE;5061;15
ALAGOAS;5061;22
AMAZONAS;5061;10
AMAPA;5061;2
BAHIA;5061;160
CEARA;5061;67
DISTRITO FEDERAL;5061;77
ESPIRITO SANTO;5061;23
GOIAS;5061;50
MARANHAO;5061;48
MATO GROSSO;5061;32
MATO GROSSO DO SUL;5061;29
MINAS GERAIS;5061;135
PARA;5061;27
PARAIBA;5061;34
PARANA;5061;88
PERNAMBUCO;5061;38
PIAUI;5061;4
RIO DE JANEIRO;5061;58
RIO GRANDE DO NORTE;5061;19
RIO GRANDE DO SUL;5061;61
RONDONIA;5061;29
RORAIMA;5061;2
SANTA CATARINA;5061;117
SAO PAULO;5061;467
SERGIPE;5061;12
TOCANTINS;5061;6
CEARA;5070;3
ESPIRITO SANTO;5070;1
MATO GROSSO;5070;1
MATO GROSSO DO SUL;5070;3
MINAS GERAIS;5070;7
PARA;5070;1
PARAIBA;5070;1
PARANA;5070;25
PERNAMBUCO;5070;1
PIAUI;5070;2
RIO DE JANEIRO;5070;2
RIO GRANDE DO SUL;5070;20
SANTA CATARINA;5070;19
SAO PAULO;5070;18
ACRE;5088;1
AMAPA;5088;1
BAHIA;5088;6
CEARA;5088;10
GOIAS;5088;1
MARANHAO;5088;3
MATO GROSSO;5088;6
MATO GROSSO DO SUL;5088;3
MINAS GERAIS;5088;5
PARAIBA;5088;1
PARANA;5088;6
PERNAMBUCO;5088;1
PIAUI;5088;4
RIO DE JANEIRO;5088;3
RIO GRANDE DO NORTE;5088;3
RIO GRANDE DO SUL;5088;15
RONDONIA;5088;1
SANTA CATARINA;5088;5
SAO PAULO;5088;27
ACRE;5096;3
ALAGOAS;5096;1
AMAZONAS;5096;1
AMAPA;5096;3
BAHIA;5096;21
CEARA;5096;62
DISTRITO FEDERAL;5096;12
ESPIRITO SANTO;5096;5
GOIAS;5096;9
MARANHAO;5096;5
MATO GROSSO;5096;7
MATO GROSSO DO SUL;5096;9
MINAS GERAIS;5096;20
PARA;5096;7
PARAIBA;5096;7
PARANA;5096;37
PERNAMBUCO;5096;10
PIAUI;5096;6
RIO DE JANEIRO;5096;16
RIO GRANDE DO NORTE;5096;7
RIO GRANDE DO SUL;5096;113
RONDONIA;5096;4
SANTA CATARINA;5096;48
SAO PAULO;5096;141
SERGIPE;5096;2
TOCANTINS;5096;4
BAHIA;5100;3
CEARA;5100;32
DISTRITO FEDERAL;5100;1
ESPIRITO SANTO;5100;1
GOIAS;5100;2
MATO GROSSO DO SUL;5100;1
MINAS GERAIS;5100;4
PARA;5100;1
PERNAMBUCO;5100;1
RIO GRANDE DO NORTE;5100;2
RIO GRANDE DO SUL;5100;2
SANTA CATARINA;5100;3
SAO PAULO;5100;6
ACRE;5118;285
ALAGOAS;5118;120
AMAZONAS;5118;138
AMAPA;5118;167
BAHIA;5118;625
CEARA;5118;1318
DISTRITO FEDERAL;5118;136
ESPIRITO SANTO;5118;301
GOIAS;5118;121
MARANHAO;5118;123
MATO GROSSO;5118;129
MATO GROSSO DO SUL;5118;449
MINAS GERAIS;5118;1551
PARA;5118;464
PARAIBA;5118;245
PARANA;5118;2069
PERNAMBUCO;5118;368
PIAUI;5118;128
RIO DE JANEIRO;5118;577
RIO GRANDE DO NORTE;5118;135
RIO GRANDE DO SUL;5118;669
RONDONIA;5118;321
RORAIMA;5118;27
SANTA CATARINA;5118;1413
SAO PAULO;5118;3383
SERGIPE;5118;95
TOCANTINS;5118;38
AMAZONAS;5126;1
AMAPA;5126;1
BAHIA;5126;2
CEARA;5126;7
DISTRITO FEDERAL;5126;2
ESPIRITO SANTO;5126;27
GOIAS;5126;3
MATO GROSSO;5126;1
MATO GROSSO DO SUL;5126;18
MINAS GERAIS;5126;45
PARA;5126;2
PARAIBA;5126;3
PARANA;5126;118
PERNAMBUCO;5126;5
PIAUI;5126;1
RIO DE JANEIRO;5126;15
RIO GRANDE DO NORTE;5126;1
RIO GRANDE DO SUL;5126;50
RONDONIA;5126;3
SANTA CATARINA;5126;178
SAO PAULO;5126;115
ACRE;5134;7
ALAGOAS;5134;9
AMAZONAS;5134;4
AMAPA;5134;7
BAHIA;5134;25
CEARA;5134;68
DISTRITO FEDERAL;5134;8
ESPIRITO SANTO;5134;15
GOIAS;5134;16
MARANHAO;5134;6
MATO GROSSO;5134;7
MATO GROSSO DO SUL;5134;14
MINAS GERAIS;5134;88
PARA;5134;12
PARAIBA;5134;3
PARANA;5134;59
PERNAMBUCO;5134;25
PIAUI;5134;10
RIO DE JANEIRO;5134;39
RIO GRANDE DO NORTE;5134;6
RIO GRANDE DO SUL;5134;81
RONDONIA;5134;4
RORAIMA;5134;1
SANTA CATARINA;5134;42
SAO PAULO;5134;187
SERGIPE;5134;3
TOCANTINS;5134;1
ACRE;5142;81
ALAGOAS;5142;11
AMAZONAS;5142;10
AMAPA;5142;47
BAHIA;5142;223
CEARA;5142;379
DISTRITO FEDERAL;5142;46
ESPIRITO SANTO;5142;74
GOIAS;5142;56
MARANHAO;5142;23
MATO GROSSO;5142;18
MATO GROSSO DO SUL;5142;109
MINAS GERAIS;5142;257
PARA;5142;39
PARAIBA;5142;31
PARANA;5142;296
PERNAMBUCO;5142;74
PIAUI;5142;23
RIO DE JANEIRO;5142;116
RIO GRANDE DO NORTE;5142;33
RIO GRANDE DO SUL;5142;196
RONDONIA;5142;65
RORAIMA;5142;6
SANTA CATARINA;5142;348
SAO PAULO;5142;1129
SERGIPE;5142;34
TOCANTINS;5142;8
ACRE;5150;2
ALAGOAS;5150;3
BAHIA;5150;25
CEARA;5150;151
DISTRITO FEDERAL;5150;4
ESPIRITO SANTO;5150;4
GOIAS;5150;8
MATO GROSSO;5150;4
MATO GROSSO DO SUL;5150;2
MINAS GERAIS;5150;42
PARA;5150;1
PARAIBA;5150;3
PARANA;5150;19
PERNAMBUCO;5150;10
PIAUI;5150;7
RIO DE JANEIRO;5150;5
RIO GRANDE DO NORTE;5150;12
RIO GRANDE DO SUL;5150;35
RONDONIA;5150;2
RORAIMA;5150;2
SANTA CATARINA;5150;15
SAO PAULO;5150;37
SERGIPE;5150;4
ACRE;5169;282
ALAGOAS;5169;46
AMAZONAS;5169;265
AMAPA;5169;65
BAHIA;5169;86
CEARA;5169;60
DISTRITO FEDERAL;5169;114
ESPIRITO SANTO;5169;65
GOIAS;5169;386
MARANHAO;5169;339
MATO GROSSO;5169;484
MATO GROSSO DO SUL;5169;205
MINAS GERAIS;5169;2230
PARA;5169;200
PARAIBA;5169;51
PARANA;5169;676
PERNAMBUCO;5169;122
PIAUI;5169;51
RIO DE JANEIRO;5169;103
RIO GRANDE DO NORTE;5169;158
RIO GRANDE DO SUL;5169;233
RONDONIA;5169;351
RORAIMA;5169;12
SANTA CATARINA;5169;325
SAO PAULO;5169;1393
SERGIPE;5169;41
TOCANTINS;5169;17
ACRE;5177;19
BAHIA;5177;3
CEARA;5177;1
DISTRITO FEDERAL;5177;3
GOIAS;5177;2
MARANHAO;5177;1
MATO GROSSO;5177;10
MATO GROSSO DO SUL;5177;5
MINAS GERAIS;5177;94
PARANA;5177;29
PERNAMBUCO;5177;1
RIO DE JANEIRO;5177;1
RIO GRANDE DO SUL;5177;13
RONDONIA;5177;1
SANTA CATARINA;5177;7
SAO PAULO;5177;47
ACRE;5185;250
ALAGOAS;5185;1279
AMAZONAS;5185;6044
AMAPA;5185;448
BAHIA;5185;4703
CEARA;5185;5049
DISTRITO FEDERAL;5185;8151
ESPIRITO SANTO;5185;2039
GOIAS;5185;7849
MARANHAO;5185;2094
MATO GROSSO;5185;5291
MATO GROSSO DO SUL;5185;4231
MINAS GERAIS;5185;17812
PARA;5185;2546
PARAIBA;5185;3498
PARANA;5185;15262
PERNAMBUCO;5185;2102
PIAUI;5185;1461
RIO DE JANEIRO;5185;6589
RIO GRANDE DO NORTE;5185;1807
RIO GRANDE DO SUL;5185;7735
RONDONIA;5185;1307
RORAIMA;5185;218
SANTA CATARINA;5185;12984
SAO PAULO;5185;96397
SERGIPE;5185;1280
TOCANTINS;5185;357
ACRE;5193;43
ALAGOAS;5193;92
AMAZONAS;5193;195
AMAPA;5193;46
BAHIA;5193;388
CEARA;5193;480
DISTRITO FEDERAL;5193;415
ESPIRITO SANTO;5193;222
GOIAS;5193;400
MARANHAO;5193;193
MATO GROSSO;5193;366
MATO GROSSO DO SUL;5193;303
MINAS GERAIS;5193;1214
PARA;5193;346
PARAIBA;5193;146
PARANA;5193;1984
PERNAMBUCO;5193;178
PIAUI;5193;79
RIO DE JANEIRO;5193;557
RIO GRANDE DO NORTE;5193;180
RIO GRANDE DO SUL;5193;561
RONDONIA;5193;123
RORAIMA;5193;29
SANTA CATARINA;5193;850
SAO PAULO;5193;4111
SERGIPE;5193;71
TOCANTINS;5193;48
ACRE;5207;44
ALAGOAS;5207;112
AMAZONAS;5207;67
AMAPA;5207;8
BAHIA;5207;583
CEARA;5207;154
DISTRITO FEDERAL;5207;347
ESPIRITO SANTO;5207;100
GOIAS;5207;795
MARANHAO;5207;167
MATO GROSSO;5207;105
MATO GROSSO DO SUL;5207;94
MINAS GERAIS;5207;787
PARA;5207;64
PARAIBA;5207;55
PARANA;5207;475
PERNAMBUCO;5207;160
PIAUI;5207;44
RIO DE JANEIRO;5207;186
RIO GRANDE DO NORTE;5207;211
RIO GRANDE DO SUL;5207;323
RONDONIA;5207;114
RORAIMA;5207;1
SANTA CATARINA;5207;678
SAO PAULO;5207;4417
SERGIPE;5207;113
TOCANTINS;5207;23
ACRE;5215;9
ALAGOAS;5215;34
AMAZONAS;5215;72
AMAPA;5215;5
BAHIA;5215;134
CEARA;5215;38
DISTRITO FEDERAL;5215;20
ESPIRITO SANTO;5215;20
GOIAS;5215;72
MARANHAO;5215;36
MATO GROSSO;5215;22
MATO GROSSO DO SUL;5215;27
MINAS GERAIS;5215;284
PARA;5215;91
PARAIBA;5215;40
PARANA;5215;163
PERNAMBUCO;5215;26
PIAUI;5215;2
RIO DE JANEIRO;5215;162
RIO GRANDE DO NORTE;5215;28
RIO GRANDE DO SUL;5215;45
RONDONIA;5215;28
SANTA CATARINA;5215;94
SAO PAULO;5215;1267
SERGIPE;5215;12
TOCANTINS;5215;3
ACRE;5223;1
ALAGOAS;5223;1
AMAZONAS;5223;1
BAHIA;5223;8
CEARA;5223;1
DISTRITO FEDERAL;5223;3
ESPIRITO SANTO;5223;4
GOIAS;5223;4
MATO GROSSO DO SUL;5223;1
MINAS GERAIS;5223;4
PARA;5223;4
PARANA;5223;1
PERNAMBUCO;5223;4
RIO DE JANEIRO;5223;5
SANTA CATARINA;5223;3
SAO PAULO;5223;12
ACRE;5231;3
ALAGOAS;5231;6
AMAPA;5231;1
BAHIA;5231;18
CEARA;5231;13
DISTRITO FEDERAL;5231;22
ESPIRITO SANTO;5231;12
GOIAS;5231;11
MARANHAO;5231;2
MATO GROSSO;5231;7
MATO GROSSO DO SUL;5231;8
MINAS GERAIS;5231;56
PARA;5231;3
PARAIBA;5231;5
PARANA;5231;105
PERNAMBUCO;5231;8
PIAUI;5231;1
RIO DE JANEIRO;5231;15
RIO GRANDE DO NORTE;5231;8
RIO GRANDE DO SUL;5231;28
RONDONIA;5231;5
RORAIMA;5231;1
SANTA CATARINA;5231;79
SAO PAULO;5231;218
SERGIPE;5231;7
ACRE;5240;1
AMAZONAS;5240;1
BAHIA;5240;4
CEARA;5240;2
MARANHAO;5240;4
MATO GROSSO;5240;2
MINAS GERAIS;5240;2
PARA;5240;10
PARANA;5240;8
PERNAMBUCO;5240;5
RIO DE JANEIRO;5240;3
RIO GRANDE DO SUL;5240;2
SANTA CATARINA;5240;7
SAO PAULO;5240;50
SERGIPE;5240;1
ACRE;5258;4
ALAGOAS;5258;1
AMAPA;5258;1
BAHIA;5258;12
CEARA;5258;3
DISTRITO FEDERAL;5258;27
ESPIRITO SANTO;5258;4
GOIAS;5258;35
MARANHAO;5258;14
MATO GROSSO;5258;2
MATO GROSSO DO SUL;5258;6
MINAS GERAIS;5258;42
PARA;5258;8
PARANA;5258;1
PERNAMBUCO;5258;2
PIAUI;5258;1
RIO DE JANEIRO;5258;11
RIO GRANDE DO NORTE;5258;1
RIO GRANDE DO SUL;5258;3
RONDONIA;5258;5
RORAIMA;5258;1
SANTA CATARINA;5258;18
SAO PAULO;5258;132
SERGIPE;5258;2
TOCANTINS;5258;2
ACRE;5266;2
AMAZONAS;5266;1
AMAPA;5266;1
BAHIA;5266;56
CEARA;5266;4
DISTRITO FEDERAL;5266;7
ESPIRITO SANTO;5266;2
GOIAS;5266;9
MARANHAO;5266;1
MATO GROSSO DO SUL;5266;2
MINAS GERAIS;5266;10
PARAIBA;5266;2
PARANA;5266;6
PERNAMBUCO;5266;12
RIO DE JANEIRO;5266;12
RIO GRANDE DO NORTE;5266;1
RIO GRANDE DO SUL;5266;2
RONDONIA;5266;2
SANTA CATARINA;5266;19
SAO PAULO;5266;143
SERGIPE;5266;1
ACRE;5274;49
ALAGOAS;5274;33
AMAZONAS;5274;18
AMAPA;5274;7
BAHIA;5274;384
CEARA;5274;144
DISTRITO FEDERAL;5274;68
ESPIRITO SANTO;5274;39
GOIAS;5274;310
MARANHAO;5274;335
MATO GROSSO;5274;154
MATO GROSSO DO SUL;5274;112
MINAS GERAIS;5274;492
PARA;5274;34
PARAIBA;5274;47
PARANA;5274;380
PERNAMBUCO;5274;103
PIAUI;5274;27
RIO DE JANEIRO;5274;77
RIO GRANDE DO NORTE;5274;49
RIO GRANDE DO SUL;5274;155
RONDONIA;5274;91
RORAIMA;5274;2
SANTA CATARINA;5274;374
SAO PAULO;5274;2046
SERGIPE;5274;30
TOCANTINS;5274;17
ACRE;5282;2
AMAPA;5282;2
BAHIA;5282;7
CEARA;5282;2
DISTRITO FEDERAL;5282;2
ESPIRITO SANTO;5282;6
GOIAS;5282;10
MARANHAO;5282;3
MATO GROSSO;5282;3
MATO GROSSO DO SUL;5282;8
MINAS GERAIS;5282;40
PARAIBA;5282;1
PARANA;5282;13
PERNAMBUCO;5282;4
PIAUI;5282;1
RIO DE JANEIRO;5282;1
RIO GRANDE DO NORTE;5282;2
RIO GRANDE DO SUL;5282;8
RONDONIA;5282;1
SANTA CATARINA;5282;19
SAO PAULO;5282;32
SERGIPE;5282;1
ACRE;5290;1
BAHIA;5290;1
DISTRITO FEDERAL;5290;1
ESPIRITO SANTO;5290;2
GOIAS;5290;3
MARANHAO;5290;1
MATO GROSSO;5290;1
MATO GROSSO DO SUL;5290;2
MINAS GERAIS;5290;9
PARANA;5290;5
PERNAMBUCO;5290;2
RIO DE JANEIRO;5290;2
RIO GRANDE DO SUL;5290;2
SANTA CATARINA;5290;11
SAO PAULO;5290;7
TOCANTINS;5290;1
ACRE;5304;3
CEARA;5304;1
ESPIRITO SANTO;5304;5
GOIAS;5304;2
MARANHAO;5304;1
MATO GROSSO;5304;3
MATO GROSSO DO SUL;5304;5
MINAS GERAIS;5304;15
PARAIBA;5304;2
PARANA;5304;2
PIAUI;5304;1
RIO DE JANEIRO;5304;3
RIO GRANDE DO NORTE;5304;2
RIO GRANDE DO SUL;5304;3
RONDONIA;5304;4
SANTA CATARINA;5304;6
SAO PAULO;5304;9
AMAPA;5312;1
MATO GROSSO;5312;1
MINAS GERAIS;5312;1
PARANA;5312;1
RIO GRANDE DO SUL;5312;1
SANTA CATARINA;5312;2
SAO PAULO;5312;1
ALAGOAS;5320;1
BAHIA;5320;2
DISTRITO FEDERAL;5320;1
ESPIRITO SANTO;5320;4
GOIAS;5320;2
MATO GROSSO;5320;1
MATO GROSSO DO SUL;5320;10
MINAS GERAIS;5320;18
PARAIBA;5320;1
PARANA;5320;7
PERNAMBUCO;5320;1
RIO DE JANEIRO;5320;1
RIO GRANDE DO NORTE;5320;6
RIO GRANDE DO SUL;5320;1
SANTA CATARINA;5320;15
SAO PAULO;5320;8
DISTRITO FEDERAL;5339;1
MATO GROSSO DO SUL;5339;1
SAO PAULO;5339;1
ALAGOAS;5347;2
AMAPA;5347;2
BAHIA;5347;4
CEARA;5347;1
DISTRITO FEDERAL;5347;5
ESPIRITO SANTO;5347;4
GOIAS;5347;5
MARANHAO;5347;2
MATO GROSSO;5347;1
MATO GROSSO DO SUL;5347;2
MINAS GERAIS;5347;21
PARAIBA;5347;2
PARANA;5347;9
PIAUI;5347;1
RIO DE JANEIRO;5347;3
RIO GRANDE DO NORTE;5347;4
RIO GRANDE DO SUL;5347;16
SANTA CATARINA;5347;14
SAO PAULO;5347;17
SERGIPE;5347;1
TOCANTINS;5347;1
BAHIA;5355;2
CEARA;5355;1
DISTRITO FEDERAL;5355;2
GOIAS;5355;1
MATO GROSSO DO SUL;5355;2
MINAS GERAIS;5355;4
PARA;5355;1
PARANA;5355;4
RIO DE JANEIRO;5355;1
SANTA CATARINA;5355;3
SAO PAULO;5355;2
ACRE;5363;1
ALAGOAS;5363;1
BAHIA;5363;2
DISTRITO FEDERAL;5363;1
MARANHAO;5363;1
PARA;5363;1
PARAIBA;5363;1
PERNAMBUCO;5363;1
PIAUI;5363;1
RIO DE JANEIRO;5363;2
SANTA CATARINA;5363;1
SAO PAULO;5363;1
ALAGOAS;5371;1
AMAZONAS;5371;10
BAHIA;5371;17
CEARA;5371;3
DISTRITO FEDERAL;5371;9
ESPIRITO SANTO;5371;4
GOIAS;5371;11
MARANHAO;5371;6
MATO GROSSO;5371;3
MATO GROSSO DO SUL;5371;8
MINAS GERAIS;5371;22
PARA;5371;4
PARAIBA;5371;4
PARANA;5371;12
PERNAMBUCO;5371;4
RIO DE JANEIRO;5371;4
RIO GRANDE DO NORTE;5371;3
RIO GRANDE DO SUL;5371;16
RONDONIA;5371;4
SANTA CATARINA;5371;19
SAO PAULO;5371;113
SERGIPE;5371;1
ACRE;5380;25
ALAGOAS;5380;203
AMAZONAS;5380;133
AMAPA;5380;6
BAHIA;5380;566
CEARA;5380;1000
DISTRITO FEDERAL;5380;385
ESPIRITO SANTO;5380;97
GOIAS;5380;1207
MARANHAO;5380;192
MATO GROSSO;5380;128
MATO GROSSO DO SUL;5380;140
MINAS GERAIS;5380;717
PARA;5380;236
PARAIBA;5380;159
PARANA;5380;447
PERNAMBUCO;5380;382
PIAUI;5380;78
RIO DE JANEIRO;5380;684
RIO GRANDE DO NORTE;5380;148
RIO GRANDE DO SUL;5380;137
RONDONIA;5380;64
RORAIMA;5380;5
SANTA CATARINA;5380;360
SAO PAULO;5380;2780
SERGIPE;5380;127
TOCANTINS;5380;16
ACRE;5398;7
ALAGOAS;5398;3
AMAZONAS;5398;9
AMAPA;5398;3
BAHIA;5398;43
CEARA;5398;17
DISTRITO FEDERAL;5398;14
ESPIRITO SANTO;5398;8
GOIAS;5398;20
MARANHAO;5398;30
MATO GROSSO;5398;5
MATO GROSSO DO SUL;5398;5
MINAS GERAIS;5398;86
PARA;5398;9
PARAIBA;5398;15
PARANA;5398;38
PERNAMBUCO;5398;11
PIAUI;5398;2
RIO DE JANEIRO;5398;8
RIO GRANDE DO NORTE;5398;9
RIO GRANDE DO SUL;5398;22
RONDONIA;5398;2
RORAIMA;5398;2
SANTA CATARINA;5398;29
SAO PAULO;5398;121
SERGIPE;5398;8
TOCANTINS;5398;1
ACRE;5401;9
ALAGOAS;5401;37
AMAZONAS;5401;52
AMAPA;5401;3
BAHIA;5401;104
CEARA;5401;228
DISTRITO FEDERAL;5401;38
ESPIRITO SANTO;5401;17
GOIAS;5401;25
MARANHAO;5401;109
MATO GROSSO;5401;6
MATO GROSSO DO SUL;5401;14
MINAS GERAIS;5401;146
PARA;5401;30
PARAIBA;5401;43
PARANA;5401;40
PERNAMBUCO;5401;18
PIAUI;5401;10
RIO DE JANEIRO;5401;17
RIO GRANDE DO NORTE;5401;62
RIO GRANDE DO SUL;5401;20
RONDONIA;5401;8
RORAIMA;5401;4
SANTA CATARINA;5401;43
SAO PAULO;5401;243
SERGIPE;5401;46
TOCANTINS;5401;2
ACRE;5410;10
ALAGOAS;5410;37
AMAZONAS;5410;78
AMAPA;5410;10
BAHIA;5410;653
CEARA;5410;897
DISTRITO FEDERAL;5410;1352
ESPIRITO SANTO;5410;60
GOIAS;5410;215
MARANHAO;5410;37
MATO GROSSO;5410;31
MATO GROSSO DO SUL;5410;58
MINAS GERAIS;5410;349
PARA;5410;184
PARAIBA;5410;36
PARANA;5410;264
PERNAMBUCO;5410;70
PIAUI;5410;68
RIO DE JANEIRO;5410;386
RIO GRANDE DO NORTE;5410;92
RIO GRANDE DO SUL;5410;69
RONDONIA;5410;24
RORAIMA;5410;17
SANTA CATARINA;5410;185
SAO PAULO;5410;391
SERGIPE;5410;21
TOCANTINS;5410;13
ACRE;5428;18
ALAGOAS;5428;18
AMAZONAS;5428;4
AMAPA;5428;15
BAHIA;5428;75
CEARA;5428;48
DISTRITO FEDERAL;5428;110
ESPIRITO SANTO;5428;49
GOIAS;5428;49
MARANHAO;5428;8
MATO GROSSO;5428;48
MATO GROSSO DO SUL;5428;22
MINAS GERAIS;5428;266
PARA;5428;22
PARAIBA;5428;47
PARANA;5428;154
PERNAMBUCO;5428;82
PIAUI;5428;17
RIO DE JANEIRO;5428;212
RIO GRANDE DO NORTE;5428;61
RIO GRANDE DO SUL;5428;85
RONDONIA;5428;6
SANTA CATARINA;5428;198
SAO PAULO;5428;304
SERGIPE;5428;8
TOCANTINS;5428;6
AMAZONAS;5436;2
BAHIA;5436;2
DISTRITO FEDERAL;5436;21
ESPIRITO SANTO;5436;5
GOIAS;5436;5
MATO GROSSO;5436;3
MATO GROSSO DO SUL;5436;1
MINAS GERAIS;5436;17
RIO DE JANEIRO;5436;8
RIO GRANDE DO SUL;5436;1
SANTA CATARINA;5436;17
SAO PAULO;5436;20
ACRE;5444;1
ALAGOAS;5444;49
AMAZONAS;5444;8
AMAPA;5444;3
BAHIA;5444;91
CEARA;5444;70
DISTRITO FEDERAL;5444;63
ESPIRITO SANTO;5444;41
GOIAS;5444;105
MARANHAO;5444;33
MATO GROSSO;5444;30
MATO GROSSO DO SUL;5444;86
MINAS GERAIS;5444;355
PARA;5444;15
PARAIBA;5444;36
PARANA;5444;196
PERNAMBUCO;5444;138
PIAUI;5444;40
RIO DE JANEIRO;5444;214
RIO GRANDE DO NORTE;5444;121
RIO GRANDE DO SUL;5444;128
RONDONIA;5444;20
RORAIMA;5444;3
SANTA CATARINA;5444;489
SAO PAULO;5444;1313
SERGIPE;5444;59
TOCANTINS;5444;20
ACRE;5452;487
ALAGOAS;5452;379
AMAZONAS;5452;925
AMAPA;5452;92
BAHIA;5452;2295
CEARA;5452;5801
DISTRITO FEDERAL;5452;3955
ESPIRITO SANTO;5452;1600
GOIAS;5452;10193
MARANHAO;5452;647
MATO GROSSO;5452;663
MATO GROSSO DO SUL;5452;925
MINAS GERAIS;5452;4998
PARA;5452;1541
PARAIBA;5452;1588
PARANA;5452;4879
PERNAMBUCO;5452;1712
PIAUI;5452;1034
RIO DE JANEIRO;5452;5926
RIO GRANDE DO NORTE;5452;1635
RIO GRANDE DO SUL;5452;959
RONDONIA;5452;158
RORAIMA;5452;44
SANTA CATARINA;5452;2833
SAO PAULO;5452;15816
SERGIPE;5452;1025
TOCANTINS;5452;122
ACRE;5460;20
ALAGOAS;5460;63
AMAZONAS;5460;57
AMAPA;5460;11
BAHIA;5460;373
CEARA;5460;105
DISTRITO FEDERAL;5460;67
ESPIRITO SANTO;5460;138
GOIAS;5460;155
MARANHAO;5460;42
MATO GROSSO;5460;55
MATO GROSSO DO SUL;5460;84
MINAS GERAIS;5460;720
PARA;5460;41
PARAIBA;5460;92
PARANA;5460;863
PERNAMBUCO;5460;112
PIAUI;5460;26
RIO DE JANEIRO;5460;271
RIO GRANDE DO NORTE;5460;40
RIO GRANDE DO SUL;5460;318
RONDONIA;5460;16
RORAIMA;5460;12
SANTA CATARINA;5460;556
SAO PAULO;5460;2312
SERGIPE;5460;51
TOCANTINS;5460;9
ACRE;5479;26
ALAGOAS;5479;91
AMAZONAS;5479;141
AMAPA;5479;3
BAHIA;5479;378
CEARA;5479;386
DISTRITO FEDERAL;5479;509
ESPIRITO SANTO;5479;91
GOIAS;5479;58
MARANHAO;5479;48
MATO GROSSO;5479;2
MATO GROSSO DO SUL;5479;18
MINAS GERAIS;5479;165
PARA;5479;28
PARAIBA;5479;88
PARANA;5479;124
PERNAMBUCO;5479;124
PIAUI;5479;65
RIO DE JANEIRO;5479;207
RIO GRANDE DO NORTE;5479;194
RIO GRANDE DO SUL;5479;30
RONDONIA;5479;7
RORAIMA;5479;5
SANTA CATARINA;5479;97
SAO PAULO;5479;363
SERGIPE;5479;53
TOCANTINS;5479;9
ACRE;5487;99
ALAGOAS;5487;93
AMAZONAS;5487;517
AMAPA;5487;98
BAHIA;5487;789
CEARA;5487;1022
DISTRITO FEDERAL;5487;795
ESPIRITO SANTO;5487;331
GOIAS;5487;701
MARANHAO;5487;157
MATO GROSSO;5487;108
MATO GROSSO DO SUL;5487;193
MINAS GERAIS;5487;1022
PARA;5487;797
PARAIBA;5487;375
PARANA;5487;507
PERNAMBUCO;5487;416
PIAUI;5487;286
RIO DE JANEIRO;5487;788
RIO GRANDE DO NORTE;5487;261
RIO GRANDE DO SUL;5487;101
RONDONIA;5487;46
RORAIMA;5487;8
SANTA CATARINA;5487;169
SAO PAULO;5487;1625
SERGIPE;5487;232
TOCANTINS;5487;24
ACRE;5495;2
ALAGOAS;5495;2
AMAZONAS;5495;18
BAHIA;5495;17
CEARA;5495;12
DISTRITO FEDERAL;5495;46
ESPIRITO SANTO;5495;9
GOIAS;5495;27
MARANHAO;5495;6
MATO GROSSO;5495;1
MATO GROSSO DO SUL;5495;9
MINAS GERAIS;5495;19
PARA;5495;15
PARAIBA;5495;6
PARANA;5495;39
PERNAMBUCO;5495;3
PIAUI;5495;44
RIO DE JANEIRO;5495;7
RIO GRANDE DO NORTE;5495;7
RIO GRANDE DO SUL;5495;7
SANTA CATARINA;5495;8
SAO PAULO;5495;50
SERGIPE;5495;6
TOCANTINS;5495;4
ACRE;5509;21
ALAGOAS;5509;52
AMAZONAS;5509;56
AMAPA;5509;33
BAHIA;5509;683
CEARA;5509;206
DISTRITO FEDERAL;5509;114
ESPIRITO SANTO;5509;374
GOIAS;5509;87
MARANHAO;5509;64
MATO GROSSO;5509;115
MATO GROSSO DO SUL;5509;55
MINAS GERAIS;5509;1292
PARA;5509;198
PARAIBA;5509;174
PARANA;5509;340
PERNAMBUCO;5509;317
PIAUI;5509;42
RIO DE JANEIRO;5509;656
RIO GRANDE DO NORTE;5509;59
RIO GRANDE DO SUL;5509;183
RONDONIA;5509;29
RORAIMA;5509;11
SANTA CATARINA;5509;180
SAO PAULO;5509;1759
SERGIPE;5509;20
TOCANTINS;5509;5
ALAGOAS;5517;2
AMAZONAS;5517;1
AMAPA;5517;1
BAHIA;5517;78
CEARA;5517;1
DISTRITO FEDERAL;5517;4
ESPIRITO SANTO;5517;12
GOIAS;5517;6
MARANHAO;5517;2
MATO GROSSO DO SUL;5517;1
MINAS GERAIS;5517;68
PARA;5517;4
PARAIBA;5517;22
PARANA;5517;4
PERNAMBUCO;5517;1
RIO DE JANEIRO;5517;78
RIO GRANDE DO SUL;5517;4
SANTA CATARINA;5517;4
SAO PAULO;5517;53
ACRE;5525;80
ALAGOAS;5525;78
AMAZONAS;5525;189
AMAPA;5525;13
BAHIA;5525;498
CEARA;5525;1108
DISTRITO FEDERAL;5525;700
ESPIRITO SANTO;5525;253
GOIAS;5525;387
MARANHAO;5525;53
MATO GROSSO;5525;241
MATO GROSSO DO SUL;5525;151
MINAS GERAIS;5525;1084
PARA;5525;143
PARAIBA;5525;84
PARANA;5525;722
PERNAMBUCO;5525;195
PIAUI;5525;58
RIO DE JANEIRO;5525;361
RIO GRANDE DO NORTE;5525;122
RIO GRANDE DO SUL;5525;426
RONDONIA;5525;32
RORAIMA;5525;14
SANTA CATARINA;5525;879
SAO PAULO;5525;2861
SERGIPE;5525;38
TOCANTINS;5525;11
AMAZONAS;5533;1
RIO DE JANEIRO;5533;1
SANTA CATARINA;5533;2
SAO PAULO;5533;1
ACRE;5541;255
ALAGOAS;5541;480
AMAZONAS;5541;1763
AMAPA;5541;243
BAHIA;5541;11275
CEARA;5541;8043
DISTRITO FEDERAL;5541;1318
ESPIRITO SANTO;5541;3951
GOIAS;5541;4027
MARANHAO;5541;363
MATO GROSSO;5541;649
MATO GROSSO DO SUL;5541;1880
MINAS GERAIS;5541;23628
PARA;5541;640
PARAIBA;5541;1604
PARANA;5541;23255
PERNAMBUCO;5541;7375
PIAUI;5541;402
RIO DE JANEIRO;5541;8867
RIO GRANDE DO NORTE;5541;732
RIO GRANDE DO SUL;5541;3153
RONDONIA;5541;160
RORAIMA;5541;65
SANTA CATARINA;5541;15301
SAO PAULO;5541;59300
SERGIPE;5541;304
TOCANTINS;5541;125
ACRE;5550;440
ALAGOAS;5550;848
AMAZONAS;5550;1424
AMAPA;5550;93
BAHIA;5550;5349
CEARA;5550;17098
DISTRITO FEDERAL;5550;4738
ESPIRITO SANTO;5550;2315
GOIAS;5550;4306
MARANHAO;5550;1269
MATO GROSSO;5550;533
MATO GROSSO DO SUL;5550;779
MINAS GERAIS;5550;8090
PARA;5550;1128
PARAIBA;5550;2053
PARANA;5550;3510
PERNAMBUCO;5550;2848
PIAUI;5550;1598
RIO DE JANEIRO;5550;2878
RIO GRANDE DO NORTE;5550;865
RIO GRANDE DO SUL;5550;2548
RONDONIA;5550;144
RORAIMA;5550;51
SANTA CATARINA;5550;3759
SAO PAULO;5550;22194
SERGIPE;5550;1122
TOCANTINS;5550;184
ACRE;5568;104
ALAGOAS;5568;301
AMAZONAS;5568;117
AMAPA;5568;32
BAHIA;5568;1417
CEARA;5568;1344
DISTRITO FEDERAL;5568;3325
ESPIRITO SANTO;5568;568
GOIAS;5568;7900
MARANHAO;5568;213
MATO GROSSO;5568;2422
MATO GROSSO DO SUL;5568;626
MINAS GERAIS;5568;4907
PARA;5568;240
PARAIBA;5568;436
PARANA;5568;2258
PERNAMBUCO;5568;605
PIAUI;5568;263
RIO DE JANEIRO;5568;2300
RIO GRANDE DO NORTE;5568;146
RIO GRANDE DO SUL;5568;1122
RONDONIA;5568;254
RORAIMA;5568;16
SANTA CATARINA;5568;2185
SAO PAULO;5568;11689
SERGIPE;5568;98
TOCANTINS;5568;85
ACRE;5576;2
ALAGOAS;5576;8
AMAZONAS;5576;3
BAHIA;5576;13
CEARA;5576;32
DISTRITO FEDERAL;5576;9
ESPIRITO SANTO;5576;3
GOIAS;5576;24
MARANHAO;5576;3
MATO GROSSO;5576;4
MATO GROSSO DO SUL;5576;3
MINAS GERAIS;5576;63
PARA;5576;6
PARAIBA;5576;3
PARANA;5576;14
PERNAMBUCO;5576;5
PIAUI;5576;2
RIO DE JANEIRO;5576;43
RIO GRANDE DO NORTE;5576;4
RIO GRANDE DO SUL;5576;14
SANTA CATARINA;5576;15
SAO PAULO;5576;100
SERGIPE;5576;2
ALAGOAS;5584;4
AMAPA;5584;3
BAHIA;5584;8
CEARA;5584;6
DISTRITO FEDERAL;5584;1
ESPIRITO SANTO;5584;1
GOIAS;5584;9
MARANHAO;5584;1
MATO GROSSO DO SUL;5584;4
MINAS GERAIS;5584;24
PARA;5584;1
PARAIBA;5584;2
PARANA;5584;6
PERNAMBUCO;5584;1
RIO DE JANEIRO;5584;8
RIO GRANDE DO SUL;5584;6
SANTA CATARINA;5584;4
SAO PAULO;5584;71
SERGIPE;5584;2
ALAGOAS;5592;38
AMAZONAS;5592;22
AMAPA;5592;4
BAHIA;5592;262
CEARA;5592;67
DISTRITO FEDERAL;5592;10
ESPIRITO SANTO;5592;26
GOIAS;5592;41
MARANHAO;5592;24
MATO GROSSO;5592;14
MATO GROSSO DO SUL;5592;18
MINAS GERAIS;5592;366
PARA;5592;20
PARAIBA;5592;5
PARANA;5592;226
PERNAMBUCO;5592;74
PIAUI;5592;3
RIO DE JANEIRO;5592;69
RIO GRANDE DO NORTE;5592;32
RIO GRANDE DO SUL;5592;83
RONDONIA;5592;4
RORAIMA;5592;5
SANTA CATARINA;5592;50
SAO PAULO;5592;486
SERGIPE;5592;44
TOCANTINS;5592;1
ALAGOAS;5606;6
AMAZONAS;5606;3
BAHIA;5606;11
CEARA;5606;14
DISTRITO FEDERAL;5606;33
ESPIRITO SANTO;5606;12
GOIAS;5606;19
MARANHAO;5606;2
MATO GROSSO;5606;4
MATO GROSSO DO SUL;5606;1
MINAS GERAIS;5606;46
PARAIBA;5606;3
PARANA;5606;22
PIAUI;5606;1
RIO DE JANEIRO;5606;103
RIO GRANDE DO NORTE;5606;1
RIO GRANDE DO SUL;5606;5
RONDONIA;5606;1
SANTA CATARINA;5606;12
SAO PAULO;5606;20
ACRE;5614;2
ALAGOAS;5614;8
AMAZONAS;5614;1
AMAPA;5614;14
BAHIA;5614;51
CEARA;5614;19
DISTRITO FEDERAL;5614;41
ESPIRITO SANTO;5614;18
GOIAS;5614;27
MARANHAO;5614;3
MATO GROSSO;5614;7
MATO GROSSO DO SUL;5614;15
MINAS GERAIS;5614;177
PARA;5614;70
PARAIBA;5614;22
PARANA;5614;92
PERNAMBUCO;5614;24
PIAUI;5614;7
RIO DE JANEIRO;5614;140
RIO GRANDE DO NORTE;5614;35
RIO GRANDE DO SUL;5614;116
RONDONIA;5614;1
RORAIMA;5614;1
SANTA CATARINA;5614;114
SAO PAULO;5614;266
SERGIPE;5614;1
TOCANTINS;5614;1
ACRE;5622;10
ALAGOAS;5622;57
AMAZONAS;5622;43
AMAPA;5622;7
BAHIA;5622;358
CEARA;5622;503
DISTRITO FEDERAL;5622;56
ESPIRITO SANTO;5622;110
GOIAS;5622;188
MARANHAO;5622;38
MATO GROSSO;5622;25
MATO GROSSO DO SUL;5622;35
MINAS GERAIS;5622;416
PARA;5622;26
PARAIBA;5622;77
PARANA;5622;354
PERNAMBUCO;5622;134
PIAUI;5622;100
RIO DE JANEIRO;5622;231
RIO GRANDE DO NORTE;5622;31
RIO GRANDE DO SUL;5622;122
RONDONIA;5622;12
RORAIMA;5622;1
SANTA CATARINA;5622;190
SAO PAULO;5622;1309
SERGIPE;5622;62
TOCANTINS;5622;3
ALAGOAS;5630;56
AMAZONAS;5630;22
AMAPA;5630;1
BAHIA;5630;31
CEARA;5630;35
DISTRITO FEDERAL;5630;16
ESPIRITO SANTO;5630;39
GOIAS;5630;16
MARANHAO;5630;12
MATO GROSSO;5630;2
MATO GROSSO DO SUL;5630;11
MINAS GERAIS;5630;85
PARA;5630;4
PARAIBA;5630;9
PARANA;5630;365
PERNAMBUCO;5630;59
PIAUI;5630;65
RIO DE JANEIRO;5630;37
RIO GRANDE DO NORTE;5630;32
RIO GRANDE DO SUL;5630;43
RONDONIA;5630;2
SANTA CATARINA;5630;61
SAO PAULO;5630;268
SERGIPE;5630;12
TOCANTINS;5630;3
BAHIA;5649;4
ESPIRITO SANTO;5649;2
RIO GRANDE DO SUL;5649;1
SAO PAULO;5649;5
ACRE;5657;1
ALAGOAS;5657;4
AMAZONAS;5657;9
BAHIA;5657;13
CEARA;5657;4
DISTRITO FEDERAL;5657;9
ESPIRITO SANTO;5657;10
GOIAS;5657;11
MATO GROSSO;5657;4
MATO GROSSO DO SUL;5657;3
MINAS GERAIS;5657;35
PARANA;5657;31
PERNAMBUCO;5657;2
RIO DE JANEIRO;5657;9
RIO GRANDE DO NORTE;5657;3
RIO GRANDE DO SUL;5657;20
RONDONIA;5657;1
RORAIMA;5657;1
SANTA CATARINA;5657;36
SAO PAULO;5657;69
SERGIPE;5657;4
TOCANTINS;5657;1
ACRE;5665;5
ALAGOAS;5665;220
AMAZONAS;5665;69
AMAPA;5665;4
BAHIA;5665;51
CEARA;5665;871
DISTRITO FEDERAL;5665;67
ESPIRITO SANTO;5665;48
GOIAS;5665;355
MARANHAO;5665;29
MATO GROSSO;5665;9
MATO GROSSO DO SUL;5665;15
MINAS GERAIS;5665;519
PARA;5665;31
PARAIBA;5665;20
PARANA;5665;122
PERNAMBUCO;5665;86
PIAUI;5665;35
RIO DE JANEIRO;5665;721
RIO GRANDE DO NORTE;5665;36
RIO GRANDE DO SUL;5665;251
RONDONIA;5665;3
RORAIMA;5665;7
SANTA CATARINA;5665;122
SAO PAULO;5665;1420
SERGIPE;5665;9
TOCANTINS;5665;4
ACRE;5673;20
ALAGOAS;5673;75
AMAZONAS;5673;58
AMAPA;5673;245
BAHIA;5673;474
CEARA;5673;2319
DISTRITO FEDERAL;5673;699
ESPIRITO SANTO;5673;116
GOIAS;5673;9862
MARANHAO;5673;267
MATO GROSSO;5673;615
MATO GROSSO DO SUL;5673;200
MINAS GERAIS;5673;3143
PARA;5673;1962
PARAIBA;5673;123
PARANA;5673;2139
PERNAMBUCO;5673;732
PIAUI;5673;1148
RIO DE JANEIRO;5673;1626
RIO GRANDE DO NORTE;5673;893
RIO GRANDE DO SUL;5673;627
RONDONIA;5673;45
RORAIMA;5673;14
SANTA CATARINA;5673;1406
SAO PAULO;5673;13793
SERGIPE;5673;25
TOCANTINS;5673;244
ACRE;5681;14
ALAGOAS;5681;987
AMAZONAS;5681;68
AMAPA;5681;14
BAHIA;5681;556
CEARA;5681;66
DISTRITO FEDERAL;5681;19720
ESPIRITO SANTO;5681;65
GOIAS;5681;4910
MARANHAO;5681;148
MATO GROSSO;5681;554
MATO GROSSO DO SUL;5681;235
MINAS GERAIS;5681;2310
PARA;5681;481
PARAIBA;5681;72
PARANA;5681;453
PERNAMBUCO;5681;117
PIAUI;5681;67
RIO DE JANEIRO;5681;532
RIO GRANDE DO NORTE;5681;249
RIO GRANDE DO SUL;5681;178
RONDONIA;5681;112
RORAIMA;5681;11
SANTA CATARINA;5681;415
SAO PAULO;5681;1247
SERGIPE;5681;46
TOCANTINS;5681;171
AMAZONAS;5690;2
BAHIA;5690;5
DISTRITO FEDERAL;5690;327
ESPIRITO SANTO;5690;9
GOIAS;5690;87
MARANHAO;5690;1
MATO GROSSO;5690;4
MATO GROSSO DO SUL;5690;5
MINAS GERAIS;5690;830
PARA;5690;10
PARAIBA;5690;6
PARANA;5690;7
PERNAMBUCO;5690;30
PIAUI;5690;2
RIO DE JANEIRO;5690;163
RIO GRANDE DO SUL;5690;8
RONDONIA;5690;1
SANTA CATARINA;5690;5
SAO PAULO;5690;284
SERGIPE;5690;3
TOCANTINS;5690;2
ACRE;5703;13
ALAGOAS;5703;19
AMAZONAS;5703;22
AMAPA;5703;19
BAHIA;5703;158
CEARA;5703;47
DISTRITO FEDERAL;5703;126
ESPIRITO SANTO;5703;117
GOIAS;5703;598
MARANHAO;5703;33
MATO GROSSO;5703;105
MATO GROSSO DO SUL;5703;135
MINAS GERAIS;5703;1272
PARA;5703;57
PARAIBA;5703;9
PARANA;5703;10450
PERNAMBUCO;5703;67
PIAUI;5703;31
RIO DE JANEIRO;5703;394
RIO GRANDE DO NORTE;5703;12
RIO GRANDE DO SUL;5703;598
RONDONIA;5703;28
RORAIMA;5703;3
SANTA CATARINA;5703;1850
SAO PAULO;5703;6236
SERGIPE;5703;16
TOCANTINS;5703;36
ACRE;5711;2
ALAGOAS;5711;4
AMAZONAS;5711;147
AMAPA;5711;1
BAHIA;5711;221
CEARA;5711;33
DISTRITO FEDERAL;5711;99
ESPIRITO SANTO;5711;129
GOIAS;5711;142
MARANHAO;5711;20
MATO GROSSO;5711;295
MATO GROSSO DO SUL;5711;64
MINAS GERAIS;5711;505
PARA;5711;61
PARAIBA;5711;78
PARANA;5711;675
PERNAMBUCO;5711;97
PIAUI;5711;6
RIO DE JANEIRO;5711;141
RIO GRANDE DO NORTE;5711;24
RIO GRANDE DO SUL;5711;493
RONDONIA;5711;23
SANTA CATARINA;5711;728
SAO PAULO;5711;4205
SERGIPE;5711;9
TOCANTINS;5711;7
ACRE;5720;47
ALAGOAS;5720;132
AMAZONAS;5720;53
AMAPA;5720;14
BAHIA;5720;166
CEARA;5720;495
DISTRITO FEDERAL;5720;233
ESPIRITO SANTO;5720;113
GOIAS;5720;240
MARANHAO;5720;76
MATO GROSSO;5720;70
MATO GROSSO DO SUL;5720;44
MINAS GERAIS;5720;426
PARA;5720;73
PARAIBA;5720;78
PARANA;5720;362
PERNAMBUCO;5720;109
PIAUI;5720;78
RIO DE JANEIRO;5720;110
RIO GRANDE DO NORTE;5720;69
RIO GRANDE DO SUL;5720;212
RONDONIA;5720;45
RORAIMA;5720;7
SANTA CATARINA;5720;542
SAO PAULO;5720;741
SERGIPE;5720;49
TOCANTINS;5720;16
ACRE;5738;89
ALAGOAS;5738;319
AMAZONAS;5738;794
AMAPA;5738;22
BAHIA;5738;984
CEARA;5738;3640
DISTRITO FEDERAL;5738;1402
ESPIRITO SANTO;5738;541
GOIAS;5738;1467
MARANHAO;5738;571
MATO GROSSO;5738;204
MATO GROSSO DO SUL;5738;187
MINAS GERAIS;5738;1624
PARA;5738;739
PARAIBA;5738;944
PARANA;5738;896
PERNAMBUCO;5738;723
PIAUI;5738;460
RIO DE JANEIRO;5738;1187
RIO GRANDE DO NORTE;5738;507
RIO GRANDE DO SUL;5738;377
RONDONIA;5738;131
RORAIMA;5738;17
SANTA CATARINA;5738;617
SAO PAULO;5738;5484
SERGIPE;5738;499
TOCANTINS;5738;55
ACRE;5746;34
ALAGOAS;5746;164
AMAZONAS;5746;137
AMAPA;5746;16
BAHIA;5746;3986
CEARA;5746;1205
DISTRITO FEDERAL;5746;754
ESPIRITO SANTO;5746;1443
GOIAS;5746;1199
MARANHAO;5746;205
MATO GROSSO;5746;563
MATO GROSSO DO SUL;5746;776
MINAS GERAIS;5746;24805
PARA;5746;292
PARAIBA;5746;452
PARANA;5746;7451
PERNAMBUCO;5746;2951
PIAUI;5746;181
RIO DE JANEIRO;5746;4308
RIO GRANDE DO NORTE;5746;313
RIO GRANDE DO SUL;5746;1803
RONDONIA;5746;94
RORAIMA;5746;18
SANTA CATARINA;5746;4312
SAO PAULO;5746;26647
SERGIPE;5746;160
TOCANTINS;5746;160
AMAZONAS;5762;1
BAHIA;5762;2
CEARA;5762;1
DISTRITO FEDERAL;5762;2
MINAS GERAIS;5762;4
PARANA;5762;6
PERNAMBUCO;5762;1
PIAUI;5762;2
RIO DE JANEIRO;5762;1
RIO GRANDE DO NORTE;5762;2
RIO GRANDE DO SUL;5762;1
SANTA CATARINA;5762;2
SAO PAULO;5762;11
ACRE;5770;4
ALAGOAS;5770;11
AMAZONAS;5770;1
AMAPA;5770;1
BAHIA;5770;44
CEARA;5770;19
DISTRITO FEDERAL;5770;51
ESPIRITO SANTO;5770;15
GOIAS;5770;35
MARANHAO;5770;14
MATO GROSSO;5770;2
MATO GROSSO DO SUL;5770;5
MINAS GERAIS;5770;42
PARA;5770;6
PARAIBA;5770;13
PARANA;5770;50
PERNAMBUCO;5770;26
PIAUI;5770;2
RIO DE JANEIRO;5770;47
RIO GRANDE DO NORTE;5770;11
RIO GRANDE DO SUL;5770;42
RONDONIA;5770;9
SANTA CATARINA;5770;62
SAO PAULO;5770;163
SERGIPE;5770;11
TOCANTINS;5770;4
BAHIA;5789;1
GOIAS;5789;3
MINAS GERAIS;5789;6
PARANA;5789;1
PERNAMBUCO;5789;2
RIO DE JANEIRO;5789;1
RIO GRANDE DO NORTE;5789;1
RIO GRANDE DO SUL;5789;1
RONDONIA;5789;1
SANTA CATARINA;5789;2
SAO PAULO;5789;5
ACRE;5797;6
ALAGOAS;5797;11
AMAZONAS;5797;8
AMAPA;5797;6
BAHIA;5797;63
CEARA;5797;31
DISTRITO FEDERAL;5797;24
ESPIRITO SANTO;5797;17
GOIAS;5797;41
MARANHAO;5797;13
MATO GROSSO;5797;30
MATO GROSSO DO SUL;5797;19
MINAS GERAIS;5797;179
PARA;5797;45
PARAIBA;5797;10
PARANA;5797;76
PERNAMBUCO;5797;31
PIAUI;5797;10
RIO DE JANEIRO;5797;34
RIO GRANDE DO NORTE;5797;9
RIO GRANDE DO SUL;5797;50
RONDONIA;5797;12
SANTA CATARINA;5797;141
SAO PAULO;5797;224
SERGIPE;5797;7
TOCANTINS;5797;9
ACRE;5800;2
ALAGOAS;5800;2
AMAZONAS;5800;17
AMAPA;5800;1
BAHIA;5800;22
CEARA;5800;9
DISTRITO FEDERAL;5800;43
ESPIRITO SANTO;5800;19
GOIAS;5800;67
MARANHAO;5800;5
MATO GROSSO;5800;27
MATO GROSSO DO SUL;5800;28
MINAS GERAIS;5800;291
PARA;5800;3
PARAIBA;5800;31
PARANA;5800;112
PERNAMBUCO;5800;10
PIAUI;5800;5
RIO DE JANEIRO;5800;133
RIO GRANDE DO NORTE;5800;3
RIO GRANDE DO SUL;5800;138
RONDONIA;5800;1
SANTA CATARINA;5800;293
SAO PAULO;5800;5705
SERGIPE;5800;12
TOCANTINS;5800;1
ACRE;5819;97
ALAGOAS;5819;264
AMAZONAS;5819;500
AMAPA;5819;31
BAHIA;5819;672
CEARA;5819;2016
DISTRITO FEDERAL;5819;899
ESPIRITO SANTO;5819;253
GOIAS;5819;1082
MARANHAO;5819;496
MATO GROSSO;5819;229
MATO GROSSO DO SUL;5819;139
MINAS GERAIS;5819;1556
PARA;5819;803
PARAIBA;5819;256
PARANA;5819;741
PERNAMBUCO;5819;546
PIAUI;5819;118
RIO DE JANEIRO;5819;2056
RIO GRANDE DO NORTE;5819;323
RIO GRANDE DO SUL;5819;557
RONDONIA;5819;105
RORAIMA;5819;19
SANTA CATARINA;5819;977
SAO PAULO;5819;7562
SERGIPE;5819;281
TOCANTINS;5819;21
ACRE;5827;2
ALAGOAS;5827;2
AMAZONAS;5827;2
AMAPA;5827;1
BAHIA;5827;28
CEARA;5827;18
DISTRITO FEDERAL;5827;31
ESPIRITO SANTO;5827;8
GOIAS;5827;13
MARANHAO;5827;2
MATO GROSSO;5827;1
MATO GROSSO DO SUL;5827;6
MINAS GERAIS;5827;58
PARA;5827;5
PARAIBA;5827;4
PARANA;5827;40
PERNAMBUCO;5827;10
RIO DE JANEIRO;5827;53
RIO GRANDE DO NORTE;5827;6
RIO GRANDE DO SUL;5827;21
RORAIMA;5827;1
SANTA CATARINA;5827;21
SAO PAULO;5827;303
SERGIPE;5827;3
TOCANTINS;5827;1
ACRE;5835;151
ALAGOAS;5835;224
AMAZONAS;5835;191
AMAPA;5835;147
BAHIA;5835;864
CEARA;5835;700
DISTRITO FEDERAL;5835;317
ESPIRITO SANTO;5835;333
GOIAS;5835;836
MARANHAO;5835;414
MATO GROSSO;5835;721
MATO GROSSO DO SUL;5835;455
MINAS GERAIS;5835;1549
PARA;5835;687
PARAIBA;5835;270
PARANA;5835;1257
PERNAMBUCO;5835;475
PIAUI;5835;197
RIO DE JANEIRO;5835;1400
RIO GRANDE DO NORTE;5835;357
RIO GRANDE DO SUL;5835;788
RONDONIA;5835;592
RORAIMA;5835;38
SANTA CATARINA;5835;1321
SAO PAULO;5835;4311
SERGIPE;5835;247
TOCANTINS;5835;132
ACRE;5843;3
ALAGOAS;5843;62
AMAZONAS;5843;402
AMAPA;5843;5
BAHIA;5843;355
CEARA;5843;202
DISTRITO FEDERAL;5843;5612
ESPIRITO SANTO;5843;87
GOIAS;5843;588
MARANHAO;5843;38
MATO GROSSO;5843;78
MATO GROSSO DO SUL;5843;77
MINAS GERAIS;5843;1345
PARA;5843;413
PARAIBA;5843;30
PARANA;5843;734
PERNAMBUCO;5843;104
PIAUI;5843;24
RIO DE JANEIRO;5843;276
RIO GRANDE DO NORTE;5843;182
RIO GRANDE DO SUL;5843;434
RONDONIA;5843;15
RORAIMA;5843;6
SANTA CATARINA;5843;446
SAO PAULO;5843;17405
SERGIPE;5843;34
TOCANTINS;5843;15
ALAGOAS;5851;13
AMAZONAS;5851;25
BAHIA;5851;14
CEARA;5851;179
DISTRITO FEDERAL;5851;422
ESPIRITO SANTO;5851;54
GOIAS;5851;114
MARANHAO;5851;9
MATO GROSSO;5851;5
MATO GROSSO DO SUL;5851;11
MINAS GERAIS;5851;120
PARA;5851;6
PARAIBA;5851;5
PARANA;5851;78
PERNAMBUCO;5851;86
PIAUI;5851;4
RIO DE JANEIRO;5851;25
RIO GRANDE DO NORTE;5851;15
RIO GRANDE DO SUL;5851;47
RONDONIA;5851;8
SANTA CATARINA;5851;31
SAO PAULO;5851;435
SERGIPE;5851;7
TOCANTINS;5851;1
ACRE;5860;2
ALAGOAS;5860;6
AMAZONAS;5860;1
AMAPA;5860;3
BAHIA;5860;18
CEARA;5860;26
DISTRITO FEDERAL;5860;40
ESPIRITO SANTO;5860;11
GOIAS;5860;13
MARANHAO;5860;2
MATO GROSSO;5860;2
MATO GROSSO DO SUL;5860;2
MINAS GERAIS;5860;46
PARA;5860;5
PARAIBA;5860;3
PARANA;5860;19
PERNAMBUCO;5860;27
RIO DE JANEIRO;5860;47
RIO GRANDE DO NORTE;5860;21
RIO GRANDE DO SUL;5860;34
RONDONIA;5860;6
RORAIMA;5860;1
SANTA CATARINA;5860;36
SAO PAULO;5860;220
SERGIPE;5860;2
TOCANTINS;5860;1
ACRE;5878;8
ALAGOAS;5878;3
AMAZONAS;5878;4
AMAPA;5878;1
BAHIA;5878;49
CEARA;5878;9
DISTRITO FEDERAL;5878;52
ESPIRITO SANTO;5878;30
GOIAS;5878;61
MARANHAO;5878;10
MATO GROSSO;5878;6
MATO GROSSO DO SUL;5878;16
MINAS GERAIS;5878;161
PARA;5878;7
PARAIBA;5878;7
PARANA;5878;114
PERNAMBUCO;5878;9
PIAUI;5878;3
RIO DE JANEIRO;5878;51
RIO GRANDE DO NORTE;5878;9
RIO GRANDE DO SUL;5878;65
RONDONIA;5878;3
SANTA CATARINA;5878;113
SAO PAULO;5878;766
SERGIPE;5878;2
TOCANTINS;5878;3
AMAZONAS;5886;1
DISTRITO FEDERAL;5886;2
ESPIRITO SANTO;5886;1
GOIAS;5886;1
MINAS GERAIS;5886;1
PARA;5886;7
DISTRITO FEDERAL;5894;2
MARANHAO;5894;1
MATO GROSSO;5894;3
MINAS GERAIS;5894;3
PARA;5894;1
PARAIBA;5894;2
PERNAMBUCO;5894;22
RIO DE JANEIRO;5894;2
RIO GRANDE DO SUL;5894;2
SANTA CATARINA;5894;6
SAO PAULO;5894;7
ALAGOAS;5908;13
AMAZONAS;5908;5
AMAPA;5908;1
BAHIA;5908;72
CEARA;5908;78
DISTRITO FEDERAL;5908;104
ESPIRITO SANTO;5908;32
GOIAS;5908;42
MARANHAO;5908;14
MATO GROSSO;5908;52
MATO GROSSO DO SUL;5908;22
MINAS GERAIS;5908;263
PARA;5908;34
PARAIBA;5908;25
PARANA;5908;30
PERNAMBUCO;5908;110
PIAUI;5908;20
RIO DE JANEIRO;5908;958
RIO GRANDE DO NORTE;5908;22
RIO GRANDE DO SUL;5908;41
RONDONIA;5908;7
SANTA CATARINA;5908;44
SAO PAULO;5908;726
SERGIPE;5908;8
TOCANTINS;5908;3
CEARA;5916;2
DISTRITO FEDERAL;5916;4
ESPIRITO SANTO;5916;1
GOIAS;5916;2
MARANHAO;5916;1
MATO GROSSO DO SUL;5916;2
MINAS GERAIS;5916;11
PARA;5916;1
PARAIBA;5916;1
PARANA;5916;13
PIAUI;5916;1
RIO DE JANEIRO;5916;4
RIO GRANDE DO SUL;5916;4
SANTA CATARINA;5916;13
SAO PAULO;5916;15
SERGIPE;5916;1
ACRE;5924;2
ALAGOAS;5924;3
AMAZONAS;5924;1
AMAPA;5924;2
BAHIA;5924;33
CEARA;5924;9
DISTRITO FEDERAL;5924;6
ESPIRITO SANTO;5924;5
GOIAS;5924;13
MATO GROSSO;5924;6
MATO GROSSO DO SUL;5924;1
MINAS GERAIS;5924;28
PARA;5924;12
PARAIBA;5924;3
PARANA;5924;12
PERNAMBUCO;5924;2
PIAUI;5924;1
RIO DE JANEIRO;5924;8
RIO GRANDE DO NORTE;5924;2
RIO GRANDE DO SUL;5924;33
RONDONIA;5924;2
SANTA CATARINA;5924;21
SAO PAULO;5924;34
SERGIPE;5924;1
ALAGOAS;5932;1
BAHIA;5932;5
CEARA;5932;1
DISTRITO FEDERAL;5932;2
ESPIRITO SANTO;5932;6
GOIAS;5932;14
MARANHAO;5932;1
MATO GROSSO;5932;3
MATO GROSSO DO SUL;5932;1
MINAS GERAIS;5932;6
PARA;5932;3
PARANA;5932;6
PERNAMBUCO;5932;1
RIO DE JANEIRO;5932;6
RIO GRANDE DO SUL;5932;3
SANTA CATARINA;5932;16
SAO PAULO;5932;22
ALAGOAS;5940;7
AMAPA;5940;1
BAHIA;5940;29
CEARA;5940;9
DISTRITO FEDERAL;5940;3
ESPIRITO SANTO;5940;28
GOIAS;5940;13
MARANHAO;5940;6
MATO GROSSO;5940;12
MATO GROSSO DO SUL;5940;1
MINAS GERAIS;5940;55
PARA;5940;8
PARAIBA;5940;3
PARANA;5940;9
PERNAMBUCO;5940;6
PIAUI;5940;2
RIO DE JANEIRO;5940;4
RIO GRANDE DO NORTE;5940;3
RIO GRANDE DO SUL;5940;21
SANTA CATARINA;5940;27
SAO PAULO;5940;25
SERGIPE;5940;3
TOCANTINS;5940;4
ACRE;5959;41
ALAGOAS;5959;5
AMAZONAS;5959;4
BAHIA;5959;12
CEARA;5959;28
DISTRITO FEDERAL;5959;11
ESPIRITO SANTO;5959;10
GOIAS;5959;34
MARANHAO;5959;10
MATO GROSSO;5959;10
MATO GROSSO DO SUL;5959;14
MINAS GERAIS;5959;48
PARA;5959;15
PARAIBA;5959;4
PARANA;5959;51
PERNAMBUCO;5959;9
PIAUI;5959;2
RIO DE JANEIRO;5959;69
RIO GRANDE DO NORTE;5959;17
RIO GRANDE DO SUL;5959;18
RONDONIA;5959;3
SANTA CATARINA;5959;35
SAO PAULO;5959;57
SERGIPE;5959;13
TOCANTINS;5959;4
ACRE;5967;40
ALAGOAS;5967;180
AMAZONAS;5967;346
AMAPA;5967;12
BAHIA;5967;1735
CEARA;5967;670
DISTRITO FEDERAL;5967;514
ESPIRITO SANTO;5967;656
GOIAS;5967;875
MARANHAO;5967;246
MATO GROSSO;5967;1083
MATO GROSSO DO SUL;5967;635
MINAS GERAIS;5967;3590
PARA;5967;687
PARAIBA;5967;354
PARANA;5967;2423
PERNAMBUCO;5967;483
PIAUI;5967;259
RIO DE JANEIRO;5967;954
RIO GRANDE DO NORTE;5967;402
RIO GRANDE DO SUL;5967;1691
RONDONIA;5967;333
RORAIMA;5967;24
SANTA CATARINA;5967;2585
SAO PAULO;5967;8847
SERGIPE;5967;219
TOCANTINS;5967;223
ALAGOAS;5975;56
AMAZONAS;5975;4
AMAPA;5975;6
BAHIA;5975;64
CEARA;5975;118
DISTRITO FEDERAL;5975;16
ESPIRITO SANTO;5975;12
GOIAS;5975;10
MARANHAO;5975;8
MATO GROSSO;5975;27
MATO GROSSO DO SUL;5975;21
MINAS GERAIS;5975;237
PARA;5975;13
PARAIBA;5975;22
PARANA;5975;199
PERNAMBUCO;5975;98
PIAUI;5975;21
RIO DE JANEIRO;5975;94
RIO GRANDE DO NORTE;5975;35
RIO GRANDE DO SUL;5975;213
RONDONIA;5975;21
RORAIMA;5975;3
SANTA CATARINA;5975;408
SAO PAULO;5975;681
SERGIPE;5975;2
TOCANTINS;5975;3
BAHIA;5983;5
CEARA;5983;1
DISTRITO FEDERAL;5983;1
GOIAS;5983;2
MINAS GERAIS;5983;2
PARA;5983;1
PARAIBA;5983;1
PARANA;5983;4
PERNAMBUCO;5983;4
RIO DE JANEIRO;5983;1
SANTA CATARINA;5983;1
SAO PAULO;5983;7
SERGIPE;5983;1
ACRE;5991;14
ALAGOAS;5991;44
AMAZONAS;5991;191
AMAPA;5991;10
BAHIA;5991;229
CEARA;5991;926
DISTRITO FEDERAL;5991;145
ESPIRITO SANTO;5991;68
GOIAS;5991;267
MARANHAO;5991;102
MATO GROSSO;5991;26
MATO GROSSO DO SUL;5991;42
MINAS GERAIS;5991;459
PARA;5991;90
PARAIBA;5991;57
PARANA;5991;281
PERNAMBUCO;5991;400
PIAUI;5991;45
RIO DE JANEIRO;5991;234
RIO GRANDE DO NORTE;5991;371
RIO GRANDE DO SUL;5991;246
RONDONIA;5991;29
RORAIMA;5991;2
SANTA CATARINA;5991;142
SAO PAULO;5991;1578
SERGIPE;5991;103
TOCANTINS;5991;9
ACRE;6009;1
AMAZONAS;6009;2
BAHIA;6009;1
CEARA;6009;4
DISTRITO FEDERAL;6009;3
ESPIRITO SANTO;6009;2
GOIAS;6009;5
MATO GROSSO DO SUL;6009;2
MINAS GERAIS;6009;23
PARANA;6009;6
PERNAMBUCO;6009;4
RIO DE JANEIRO;6009;7
RIO GRANDE DO NORTE;6009;4
RIO GRANDE DO SUL;6009;9
RONDONIA;6009;2
SANTA CATARINA;6009;5
SAO PAULO;6009;13
ACRE;6017;32
ALAGOAS;6017;48
AMAZONAS;6017;584
AMAPA;6017;13
BAHIA;6017;68
CEARA;6017;364
DISTRITO FEDERAL;6017;61
ESPIRITO SANTO;6017;24
GOIAS;6017;366
MARANHAO;6017;163
MATO GROSSO;6017;56
MATO GROSSO DO SUL;6017;37
MINAS GERAIS;6017;173
PARA;6017;243
PARAIBA;6017;76
PARANA;6017;89
PERNAMBUCO;6017;156
PIAUI;6017;122
RIO DE JANEIRO;6017;79
RIO GRANDE DO NORTE;6017;39
RIO GRANDE DO SUL;6017;33
RONDONIA;6017;26
RORAIMA;6017;3
SANTA CATARINA;6017;78
SAO PAULO;6017;331
SERGIPE;6017;210
TOCANTINS;6017;11
ACRE;6025;1
ALAGOAS;6025;1
AMAZONAS;6025;24
BAHIA;6025;25
CEARA;6025;21
DISTRITO FEDERAL;6025;43
ESPIRITO SANTO;6025;2
GOIAS;6025;35
MARANHAO;6025;1
MATO GROSSO;6025;8
MATO GROSSO DO SUL;6025;10
MINAS GERAIS;6025;27
PARA;6025;14
PARAIBA;6025;1
PARANA;6025;30
PERNAMBUCO;6025;8
PIAUI;6025;2
RIO DE JANEIRO;6025;18
RIO GRANDE DO NORTE;6025;2
RIO GRANDE DO SUL;6025;15
RONDONIA;6025;3
RORAIMA;6025;1
SANTA CATARINA;6025;7
SAO PAULO;6025;50
SERGIPE;6025;27
ACRE;6033;1
ALAGOAS;6033;4
AMAZONAS;6033;22
AMAPA;6033;8
BAHIA;6033;9
CEARA;6033;296
DISTRITO FEDERAL;6033;15
ESPIRITO SANTO;6033;2
GOIAS;6033;6
MARANHAO;6033;5
MATO GROSSO DO SUL;6033;1
MINAS GERAIS;6033;24
PARA;6033;8
PARAIBA;6033;6
PARANA;6033;19
PERNAMBUCO;6033;24
PIAUI;6033;6
RIO DE JANEIRO;6033;11
RIO GRANDE DO NORTE;6033;4
RIO GRANDE DO SUL;6033;36
RONDONIA;6033;6
SANTA CATARINA;6033;6
SAO PAULO;6033;52
SERGIPE;6033;160
ACRE;6041;93
ALAGOAS;6041;1184
AMAZONAS;6041;1249
AMAPA;6041;22
BAHIA;6041;694
CEARA;6041;3083
DISTRITO FEDERAL;6041;735
ESPIRITO SANTO;6041;716
GOIAS;6041;3064
MARANHAO;6041;321
MATO GROSSO;6041;1292
MATO GROSSO DO SUL;6041;1020
MINAS GERAIS;6041;3394
PARA;6041;406
PARAIBA;6041;293
PARANA;6041;12194
PERNAMBUCO;6041;1030
PIAUI;6041;191
RIO DE JANEIRO;6041;1006
RIO GRANDE DO NORTE;6041;404
RIO GRANDE DO SUL;6041;760
RONDONIA;6041;105
RORAIMA;6041;19
SANTA CATARINA;6041;1275
SAO PAULO;6041;12510
SERGIPE;6041;705
TOCANTINS;6041;48
ACRE;6050;693
ALAGOAS;6050;1271
AMAZONAS;6050;2256
AMAPA;6050;2342
BAHIA;6050;3466
CEARA;6050;11366
DISTRITO FEDERAL;6050;2414
ESPIRITO SANTO;6050;4996
GOIAS;6050;14958
MARANHAO;6050;2929
MATO GROSSO;6050;7915
MATO GROSSO DO SUL;6050;4905
MINAS GERAIS;6050;22977
PARA;6050;14981
PARAIBA;6050;1710
PARANA;6050;35481
PERNAMBUCO;6050;4852
PIAUI;6050;2499
RIO DE JANEIRO;6050;21851
RIO GRANDE DO NORTE;6050;3734
RIO GRANDE DO SUL;6050;4802
RONDONIA;6050;929
RORAIMA;6050;2454
SANTA CATARINA;6050;9233
SAO PAULO;6050;105158
SERGIPE;6050;1872
TOCANTINS;6050;2241
ACRE;6068;34
ALAGOAS;6068;50
AMAZONAS;6068;85
AMAPA;6068;14
BAHIA;6068;384
CEARA;6068;132
DISTRITO FEDERAL;6068;167
ESPIRITO SANTO;6068;374
GOIAS;6068;675
MARANHAO;6068;93
MATO GROSSO;6068;515
MATO GROSSO DO SUL;6068;313
MINAS GERAIS;6068;1340
PARA;6068;162
PARAIBA;6068;68
PARANA;6068;1772
PERNAMBUCO;6068;105
PIAUI;6068;46
RIO DE JANEIRO;6068;856
RIO GRANDE DO NORTE;6068;534
RIO GRANDE DO SUL;6068;864
RONDONIA;6068;104
RORAIMA;6068;5
SANTA CATARINA;6068;1792
SAO PAULO;6068;9848
SERGIPE;6068;102
TOCANTINS;6068;88
ACRE;6076;21
ALAGOAS;6076;14
AMAZONAS;6076;29
AMAPA;6076;18
BAHIA;6076;95
CEARA;6076;20
DISTRITO FEDERAL;6076;26
ESPIRITO SANTO;6076;17
GOIAS;6076;36
MARANHAO;6076;12
MATO GROSSO;6076;5
MATO GROSSO DO SUL;6076;12
MINAS GERAIS;6076;82
PARA;6076;23
PARAIBA;6076;10
PARANA;6076;50
PERNAMBUCO;6076;21
PIAUI;6076;6
RIO DE JANEIRO;6076;142
RIO GRANDE DO NORTE;6076;36
RIO GRANDE DO SUL;6076;18
RONDONIA;6076;7
SANTA CATARINA;6076;49
SAO PAULO;6076;309
SERGIPE;6076;10
TOCANTINS;6076;9
ALAGOAS;6084;20
AMAZONAS;6084;125
BAHIA;6084;6
CEARA;6084;10
DISTRITO FEDERAL;6084;6
ESPIRITO SANTO;6084;30
GOIAS;6084;16
MARANHAO;6084;9
MATO GROSSO;6084;2
MATO GROSSO DO SUL;6084;8
MINAS GERAIS;6084;48
PARA;6084;6
PARAIBA;6084;20
PARANA;6084;25
PERNAMBUCO;6084;5
PIAUI;6084;1
RIO DE JANEIRO;6084;134
RIO GRANDE DO NORTE;6084;9
RIO GRANDE DO SUL;6084;26
RONDONIA;6084;1
RORAIMA;6084;4
SANTA CATARINA;6084;72
SAO PAULO;6084;132
SERGIPE;6084;119
TOCANTINS;6084;1
MINAS GERAIS;6092;1
PARANA;6092;1
SANTA CATARINA;6092;1
SAO PAULO;6092;2
BAHIA;6106;1
ESPIRITO SANTO;6106;1
SAO PAULO;6106;8
SERGIPE;6106;1
MATO GROSSO;6114;2
SANTA CATARINA;6114;1
ACRE;6122;11
ALAGOAS;6122;145
AMAZONAS;6122;574
AMAPA;6122;2
BAHIA;6122;190
CEARA;6122;299
DISTRITO FEDERAL;6122;758
ESPIRITO SANTO;6122;109
GOIAS;6122;653
MARANHAO;6122;70
MATO GROSSO;6122;28
MATO GROSSO DO SUL;6122;28
MINAS GERAIS;6122;392
PARA;6122;75
PARAIBA;6122;64
PARANA;6122;426
PERNAMBUCO;6122;55
PIAUI;6122;22
RIO DE JANEIRO;6122;113
RIO GRANDE DO NORTE;6122;121
RIO GRANDE DO SUL;6122;142
RONDONIA;6122;23
RORAIMA;6122;23
SANTA CATARINA;6122;352
SAO PAULO;6122;1321
SERGIPE;6122;138
TOCANTINS;6122;18
ALAGOAS;6130;23
AMAZONAS;6130;4
AMAPA;6130;8
BAHIA;6130;16
CEARA;6130;15
DISTRITO FEDERAL;6130;61
ESPIRITO SANTO;6130;4
GOIAS;6130;119
MARANHAO;6130;4
MATO GROSSO;6130;1
MATO GROSSO DO SUL;6130;2
MINAS GERAIS;6130;37
PARA;6130;5
PARAIBA;6130;1
PARANA;6130;49
PERNAMBUCO;6130;6
PIAUI;6130;2
RIO DE JANEIRO;6130;8
RIO GRANDE DO NORTE;6130;4
RIO GRANDE DO SUL;6130;6
RONDONIA;6130;1
RORAIMA;6130;1
SANTA CATARINA;6130;36
SAO PAULO;6130;131
SERGIPE;6130;20
TOCANTINS;6130;2
AMAZONAS;6149;6
BAHIA;6149;12
DISTRITO FEDERAL;6149;9
ESPIRITO SANTO;6149;5
GOIAS;6149;11
MARANHAO;6149;4
MATO GROSSO DO SUL;6149;1
MINAS GERAIS;6149;5
PARAIBA;6149;1
PARANA;6149;3
PERNAMBUCO;6149;1
PIAUI;6149;2
RIO DE JANEIRO;6149;1
RONDONIA;6149;1
SANTA CATARINA;6149;2
SAO PAULO;6149;17
ALAGOAS;6157;5
AMAZONAS;6157;1
BAHIA;6157;5
CEARA;6157;1
DISTRITO FEDERAL;6157;6
GOIAS;6157;5
MARANHAO;6157;1
MATO GROSSO DO SUL;6157;2
MINAS GERAIS;6157;7
PARA;6157;1
PARAIBA;6157;1
PARANA;6157;5
RIO DE JANEIRO;6157;1
RIO GRANDE DO SUL;6157;3
SANTA CATARINA;6157;9
SAO PAULO;6157;27
SERGIPE;6157;2
TOCANTINS;6157;1
ALAGOAS;6165;3
AMAPA;6165;1
BAHIA;6165;6
CEARA;6165;1
DISTRITO FEDERAL;6165;7
ESPIRITO SANTO;6165;2
GOIAS;6165;8
MARANHAO;6165;1
MINAS GERAIS;6165;18
PARA;6165;2
PARANA;6165;6
RIO DE JANEIRO;6165;4
RIO GRANDE DO NORTE;6165;6
RIO GRANDE DO SUL;6165;3
SANTA CATARINA;6165;5
SAO PAULO;6165;8
SERGIPE;6165;4
TOCANTINS;6165;1
ALAGOAS;6173;9
AMAZONAS;6173;9
AMAPA;6173;1
BAHIA;6173;11
CEARA;6173;6
DISTRITO FEDERAL;6173;12
ESPIRITO SANTO;6173;6
GOIAS;6173;15
MARANHAO;6173;4
MATO GROSSO;6173;2
MATO GROSSO DO SUL;6173;8
MINAS GERAIS;6173;23
PARA;6173;9
PARAIBA;6173;3
PARANA;6173;32
PERNAMBUCO;6173;6
RIO DE JANEIRO;6173;4
RIO GRANDE DO NORTE;6173;8
RIO GRANDE DO SUL;6173;18
RONDONIA;6173;2
SANTA CATARINA;6173;30
SAO PAULO;6173;32
SERGIPE;6173;7
TOCANTINS;6173;1
ALAGOAS;6181;4
AMAZONAS;6181;1
BAHIA;6181;30
CEARA;6181;4
DISTRITO FEDERAL;6181;9
ESPIRITO SANTO;6181;6
GOIAS;6181;8
MARANHAO;6181;1
MATO GROSSO;6181;5
MATO GROSSO DO SUL;6181;3
MINAS GERAIS;6181;33
PARA;6181;4
PARAIBA;6181;4
PARANA;6181;89
PERNAMBUCO;6181;10
RIO DE JANEIRO;6181;2
RIO GRANDE DO NORTE;6181;11
RIO GRANDE DO SUL;6181;17
RONDONIA;6181;1
SANTA CATARINA;6181;36
SAO PAULO;6181;101
SERGIPE;6181;8
ALAGOAS;6190;2
AMAZONAS;6190;3
BAHIA;6190;3
CEARA;6190;5
DISTRITO FEDERAL;6190;4
ESPIRITO SANTO;6190;5
GOIAS;6190;6
MATO GROSSO;6190;1
MINAS GERAIS;6190;2
PARANA;6190;8
PERNAMBUCO;6190;21
RIO GRANDE DO SUL;6190;2
SANTA CATARINA;6190;13
SAO PAULO;6190;59
BAHIA;6203;1
GOIAS;6203;2
PARANA;6203;1
PIAUI;6203;1
RIO GRANDE DO SUL;6203;2
SANTA CATARINA;6203;1
SANTA CATARINA;6220;1
BAHIA;6254;2
GOIAS;6254;1
MINAS GERAIS;6254;1
RIO DE JANEIRO;6254;4
RIO GRANDE DO SUL;6254;1
SAO PAULO;6254;3
DISTRITO FEDERAL;6262;1
ESPIRITO SANTO;6262;2
GOIAS;6262;1
MINAS GERAIS;6262;8
PARA;6262;1
PARANA;6262;1
PERNAMBUCO;6262;1
RIO DE JANEIRO;6262;1
RIO GRANDE DO SUL;6262;1
RONDONIA;6262;1
SANTA CATARINA;6262;3
SAO PAULO;6262;16
SERGIPE;6262;2
ACRE;6270;5
ALAGOAS;6270;57
AMAZONAS;6270;10
AMAPA;6270;1
BAHIA;6270;19
CEARA;6270;75
DISTRITO FEDERAL;6270;20
ESPIRITO SANTO;6270;28
GOIAS;6270;52
MARANHAO;6270;6
MATO GROSSO;6270;20
MATO GROSSO DO SUL;6270;29
MINAS GERAIS;6270;229
PARA;6270;13
PARAIBA;6270;9
PARANA;6270;292
PERNAMBUCO;6270;25
PIAUI;6270;3
RIO DE JANEIRO;6270;73
RIO GRANDE DO NORTE;6270;15
RIO GRANDE DO SUL;6270;129
RONDONIA;6270;16
SANTA CATARINA;6270;143
SAO PAULO;6270;534
SERGIPE;6270;1
TOCANTINS;6270;3
CEARA;6289;2
DISTRITO FEDERAL;6289;1
MATO GROSSO DO SUL;6289;1
MINAS GERAIS;6289;5
PARA;6289;1
PARAIBA;6289;1
PARANA;6289;1
PERNAMBUCO;6289;2
PIAUI;6289;1
RIO DE JANEIRO;6289;1
RIO GRANDE DO SUL;6289;4
SANTA CATARINA;6289;3
SAO PAULO;6289;16
ALAGOAS;6297;1
DISTRITO FEDERAL;6297;2
GOIAS;6297;1
MINAS GERAIS;6297;3
PARANA;6297;1
PERNAMBUCO;6297;2
PIAUI;6297;3
RIO DE JANEIRO;6297;1
RIO GRANDE DO SUL;6297;2
SANTA CATARINA;6297;2
SAO PAULO;6297;6
SERGIPE;6297;1
MATO GROSSO DO SUL;6300;1
MINAS GERAIS;6300;1
CEARA;6319;4
GOIAS;6319;1
MATO GROSSO DO SUL;6319;1
MINAS GERAIS;6319;8
PARANA;6319;11
PIAUI;6319;1
RIO DE JANEIRO;6319;1
RIO GRANDE DO SUL;6319;6
SANTA CATARINA;6319;22
SAO PAULO;6319;38
CEARA;6327;2
GOIAS;6327;1
MATO GROSSO;6327;1
MATO GROSSO DO SUL;6327;1
MINAS GERAIS;6327;1
PARANA;6327;3
PERNAMBUCO;6327;1
RIO GRANDE DO SUL;6327;1
SANTA CATARINA;6327;3
SAO PAULO;6327;8
BAHIA;6335;1
MINAS GERAIS;6335;3
PARANA;6335;8
PIAUI;6335;1
RIO DE JANEIRO;6335;7
RIO GRANDE DO SUL;6335;1
SANTA CATARINA;6335;3
SAO PAULO;6335;18
GOIAS;6343;1
MINAS GERAIS;6343;1
SANTA CATARINA;6343;1
CEARA;6351;1
MATO GROSSO DO SUL;6351;2
MINAS GERAIS;6351;1
PARANA;6351;1
RIO GRANDE DO SUL;6351;1
SANTA CATARINA;6351;1
SAO PAULO;6351;2
RIO GRANDE DO SUL;6360;1
SANTA CATARINA;6360;1
ESPIRITO SANTO;6378;1
GOIAS;6378;1
MATO GROSSO;6378;1
MATO GROSSO DO SUL;6378;3
MINAS GERAIS;6378;10
PARANA;6378;3
RIO DE JANEIRO;6378;1
RIO GRANDE DO SUL;6378;1
SANTA CATARINA;6378;3
SAO PAULO;6378;51
DISTRITO FEDERAL;6386;1
MINAS GERAIS;6386;1
PARA;6386;1
PARANA;6386;1
PERNAMBUCO;6386;1
RIO GRANDE DO SUL;6386;1
SANTA CATARINA;6386;2
AMAZONAS;6394;1
BAHIA;6394;1
CEARA;6394;4
DISTRITO FEDERAL;6394;2
ESPIRITO SANTO;6394;4
GOIAS;6394;5
MATO GROSSO;6394;1
MATO GROSSO DO SUL;6394;3
MINAS GERAIS;6394;32
PARA;6394;1
PARANA;6394;10
PERNAMBUCO;6394;1
PIAUI;6394;1
RIO DE JANEIRO;6394;1
RIO GRANDE DO SUL;6394;12
RONDONIA;6394;2
SANTA CATARINA;6394;14
SAO PAULO;6394;57
SERGIPE;6394;2
TOCANTINS;6394;2
ACRE;6408;29
ALAGOAS;6408;23
AMAZONAS;6408;40
AMAPA;6408;4
BAHIA;6408;175
CEARA;6408;544
DISTRITO FEDERAL;6408;54
ESPIRITO SANTO;6408;61
GOIAS;6408;203
MARANHAO;6408;36
MATO GROSSO;6408;52
MATO GROSSO DO SUL;6408;94
MINAS GERAIS;6408;274
PARA;6408;44
PARAIBA;6408;41
PARANA;6408;191
PERNAMBUCO;6408;162
PIAUI;6408;33
RIO DE JANEIRO;6408;133
RIO GRANDE DO NORTE;6408;56
RIO GRANDE DO SUL;6408;129
RONDONIA;6408;58
RORAIMA;6408;6
SANTA CATARINA;6408;338
SAO PAULO;6408;1920
SERGIPE;6408;22
TOCANTINS;6408;34
CEARA;6416;5
DISTRITO FEDERAL;6416;1
GOIAS;6416;4
MATO GROSSO DO SUL;6416;2
PARANA;6416;1
RIO DE JANEIRO;6416;18
SANTA CATARINA;6416;3
SAO PAULO;6416;1
MARANHAO;6424;1
BAHIA;6432;30
CEARA;6432;5
DISTRITO FEDERAL;6432;18
ESPIRITO SANTO;6432;2
GOIAS;6432;15
MATO GROSSO;6432;7
MATO GROSSO DO SUL;6432;1
MINAS GERAIS;6432;36
PARA;6432;3
PARAIBA;6432;2
PARANA;6432;33
PERNAMBUCO;6432;3
PIAUI;6432;1
RIO DE JANEIRO;6432;3
RIO GRANDE DO NORTE;6432;2
RIO GRANDE DO SUL;6432;31
RONDONIA;6432;3
SANTA CATARINA;6432;32
SAO PAULO;6432;79
SERGIPE;6432;3
ACRE;6440;1
BAHIA;6440;18
CEARA;6440;1
DISTRITO FEDERAL;6440;6
ESPIRITO SANTO;6440;2
GOIAS;6440;2
MATO GROSSO;6440;1
MINAS GERAIS;6440;15
PARANA;6440;10
PERNAMBUCO;6440;1
PIAUI;6440;1
RIO GRANDE DO NORTE;6440;1
RIO GRANDE DO SUL;6440;4
SANTA CATARINA;6440;8
SAO PAULO;6440;53
SERGIPE;6440;1
TOCANTINS;6440;2
ACRE;6459;1
ALAGOAS;6459;1
AMAPA;6459;1
BAHIA;6459;8
CEARA;6459;2
ESPIRITO SANTO;6459;4
GOIAS;6459;7
MARANHAO;6459;1
MATO GROSSO;6459;4
MATO GROSSO DO SUL;6459;6
MINAS GERAIS;6459;9
PARA;6459;3
PARANA;6459;7
PERNAMBUCO;6459;4
RIO DE JANEIRO;6459;1
RIO GRANDE DO NORTE;6459;2
RIO GRANDE DO SUL;6459;7
RONDONIA;6459;1
SANTA CATARINA;6459;16
SAO PAULO;6459;35
SERGIPE;6459;1
ESPIRITO SANTO;6467;1
PARA;6467;1
SAO PAULO;6467;2
BAHIA;6475;1
PARANA;6475;1
ACRE;6483;1
ALAGOAS;6483;1
AMAZONAS;6483;14
BAHIA;6483;10
CEARA;6483;12
DISTRITO FEDERAL;6483;6
ESPIRITO SANTO;6483;5
GOIAS;6483;12
MARANHAO;6483;6
MATO GROSSO;6483;5
MATO GROSSO DO SUL;6483;3
MINAS GERAIS;6483;19
PARA;6483;2
PARAIBA;6483;3
PARANA;6483;54
PERNAMBUCO;6483;1
RIO DE JANEIRO;6483;11
RIO GRANDE DO NORTE;6483;6
RIO GRANDE DO SUL;6483;16
SANTA CATARINA;6483;25
SAO PAULO;6483;67
ACRE;6491;12
ALAGOAS;6491;5
AMAZONAS;6491;23
BAHIA;6491;26
CEARA;6491;24
DISTRITO FEDERAL;6491;27
ESPIRITO SANTO;6491;15
GOIAS;6491;15
MARANHAO;6491;4
MATO GROSSO;6491;2
MATO GROSSO DO SUL;6491;1
MINAS GERAIS;6491;39
PARA;6491;4
PARAIBA;6491;4
PARANA;6491;93
PERNAMBUCO;6491;17
PIAUI;6491;4
RIO DE JANEIRO;6491;9
RIO GRANDE DO NORTE;6491;10
RIO GRANDE DO SUL;6491;34
RONDONIA;6491;3
RORAIMA;6491;1
SANTA CATARINA;6491;28
SAO PAULO;6491;112
SERGIPE;6491;3
BAHIA;6505;1
DISTRITO FEDERAL;6505;1
MINAS GERAIS;6505;2
PARANA;6505;7
RIO DE JANEIRO;6505;1
RIO GRANDE DO SUL;6505;2
SANTA CATARINA;6505;5
SAO PAULO;6505;2
MINAS GERAIS;6513;1
PERNAMBUCO;6513;1
SAO PAULO;6513;3
ALAGOAS;6521;1
ESPIRITO SANTO;6521;1
GOIAS;6521;1
MINAS GERAIS;6521;2
PARANA;6521;1
SAO PAULO;6521;1
ACRE;6530;13
ALAGOAS;6530;12
AMAZONAS;6530;19
AMAPA;6530;1
BAHIA;6530;270
CEARA;6530;21
DISTRITO FEDERAL;6530;903
ESPIRITO SANTO;6530;102
GOIAS;6530;679
MARANHAO;6530;17
MATO GROSSO;6530;107
MATO GROSSO DO SUL;6530;148
MINAS GERAIS;6530;1362
PARA;6530;25
PARAIBA;6530;8
PARANA;6530;1329
PERNAMBUCO;6530;18
PIAUI;6530;5
RIO DE JANEIRO;6530;114
RIO GRANDE DO NORTE;6530;11
RIO GRANDE DO SUL;6530;309
RONDONIA;6530;19
SANTA CATARINA;6530;633
SAO PAULO;6530;2918
SERGIPE;6530;43
TOCANTINS;6530;10
ALAGOAS;6548;3
BAHIA;6548;135
CEARA;6548;7
DISTRITO FEDERAL;6548;67
ESPIRITO SANTO;6548;7
GOIAS;6548;572
MARANHAO;6548;14
MATO GROSSO;6548;15
MATO GROSSO DO SUL;6548;21
MINAS GERAIS;6548;62
PARA;6548;2
PARAIBA;6548;1
PARANA;6548;32
PERNAMBUCO;6548;6
PIAUI;6548;2
RIO DE JANEIRO;6548;32
RIO GRANDE DO NORTE;6548;3
RIO GRANDE DO SUL;6548;5
RONDONIA;6548;2
SANTA CATARINA;6548;61
SAO PAULO;6548;41
SERGIPE;6548;1
TOCANTINS;6548;3
ACRE;6556;13
ALAGOAS;6556;8
AMAZONAS;6556;30
AMAPA;6556;4
BAHIA;6556;85
CEARA;6556;54
DISTRITO FEDERAL;6556;36
ESPIRITO SANTO;6556;17
GOIAS;6556;90
MARANHAO;6556;75
MATO GROSSO;6556;53
MATO GROSSO DO SUL;6556;33
MINAS GERAIS;6556;200
PARA;6556;38
PARAIBA;6556;20
PARANA;6556;70
PERNAMBUCO;6556;34
PIAUI;6556;12
RIO DE JANEIRO;6556;183
RIO GRANDE DO NORTE;6556;8
RIO GRANDE DO SUL;6556;20
RONDONIA;6556;11
RORAIMA;6556;4
SANTA CATARINA;6556;128
SAO PAULO;6556;240
SERGIPE;6556;10
TOCANTINS;6556;3
ACRE;6564;40
ALAGOAS;6564;50
AMAZONAS;6564;85
AMAPA;6564;7
BAHIA;6564;127
CEARA;6564;193
DISTRITO FEDERAL;6564;17
ESPIRITO SANTO;6564;29
GOIAS;6564;49
MARANHAO;6564;55
MATO GROSSO;6564;17
MATO GROSSO DO SUL;6564;32
MINAS GERAIS;6564;122
PARA;6564;108
PARAIBA;6564;149
PARANA;6564;155
PERNAMBUCO;6564;112
PIAUI;6564;32
RIO DE JANEIRO;6564;94
RIO GRANDE DO NORTE;6564;46
RIO GRANDE DO SUL;6564;42
RONDONIA;6564;16
RORAIMA;6564;4
SANTA CATARINA;6564;73
SAO PAULO;6564;395
SERGIPE;6564;28
TOCANTINS;6564;10
BAHIA;6572;6
CEARA;6572;2
DISTRITO FEDERAL;6572;1
ESPIRITO SANTO;6572;2
GOIAS;6572;2
MATO GROSSO;6572;2
MATO GROSSO DO SUL;6572;1
MINAS GERAIS;6572;2
PARA;6572;8
PARAIBA;6572;3
PARANA;6572;6
PERNAMBUCO;6572;1
RIO DE JANEIRO;6572;52
RIO GRANDE DO SUL;6572;1
SANTA CATARINA;6572;12
SAO PAULO;6572;24
SERGIPE;6572;1
TOCANTINS;6572;1
ACRE;6580;52
ALAGOAS;6580;21
AMAZONAS;6580;78
AMAPA;6580;16
BAHIA;6580;188
CEARA;6580;163
DISTRITO FEDERAL;6580;156
ESPIRITO SANTO;6580;56
GOIAS;6580;215
MARANHAO;6580;516
MATO GROSSO;6580;233
MATO GROSSO DO SUL;6580;137
MINAS GERAIS;6580;609
PARA;6580;274
PARAIBA;6580;43
PARANA;6580;620
PERNAMBUCO;6580;62
PIAUI;6580;77
RIO DE JANEIRO;6580;778
RIO GRANDE DO NORTE;6580;54
RIO GRANDE DO SUL;6580;64
RONDONIA;6580;46
RORAIMA;6580;3
SANTA CATARINA;6580;195
SAO PAULO;6580;2613
SERGIPE;6580;23
TOCANTINS;6580;36
ACRE;6599;989
ALAGOAS;6599;584
AMAZONAS;6599;1199
AMAPA;6599;421
BAHIA;6599;4229
CEARA;6599;6361
DISTRITO FEDERAL;6599;3837
ESPIRITO SANTO;6599;1718
GOIAS;6599;5124
MARANHAO;6599;2226
MATO GROSSO;6599;2078
MATO GROSSO DO SUL;6599;1804
MINAS GERAIS;6599;19346
PARA;6599;3302
PARAIBA;6599;947
PARANA;6599;7002
PERNAMBUCO;6599;1602
PIAUI;6599;654
RIO DE JANEIRO;6599;8453
RIO GRANDE DO NORTE;6599;907
RIO GRANDE DO SUL;6599;2985
RONDONIA;6599;1124
RORAIMA;6599;120
SANTA CATARINA;6599;5480
SAO PAULO;6599;66369
SERGIPE;6599;604
TOCANTINS;6599;345
ACRE;6602;20
ALAGOAS;6602;46
AMAZONAS;6602;63
AMAPA;6602;21
BAHIA;6602;445
CEARA;6602;617
DISTRITO FEDERAL;6602;256
ESPIRITO SANTO;6602;169
GOIAS;6602;444
MARANHAO;6602;101
MATO GROSSO;6602;241
MATO GROSSO DO SUL;6602;330
MINAS GERAIS;6602;1239
PARA;6602;217
PARAIBA;6602;109
PARANA;6602;1310
PERNAMBUCO;6602;192
PIAUI;6602;106
RIO DE JANEIRO;6602;774
RIO GRANDE DO NORTE;6602;92
RIO GRANDE DO SUL;6602;389
RONDONIA;6602;128
RORAIMA;6602;10
SANTA CATARINA;6602;776
SAO PAULO;6602;8253
SERGIPE;6602;77
TOCANTINS;6602;50
ACRE;6610;14
ALAGOAS;6610;58
AMAZONAS;6610;42
AMAPA;6610;5
BAHIA;6610;256
CEARA;6610;210
DISTRITO FEDERAL;6610;196
ESPIRITO SANTO;6610;114
GOIAS;6610;873
MARANHAO;6610;56
MATO GROSSO;6610;78
MATO GROSSO DO SUL;6610;63
MINAS GERAIS;6610;576
PARA;6610;44
PARAIBA;6610;48
PARANA;6610;656
PERNAMBUCO;6610;148
PIAUI;6610;39
RIO DE JANEIRO;6610;91
RIO GRANDE DO NORTE;6610;67
RIO GRANDE DO SUL;6610;307
RONDONIA;6610;52
SANTA CATARINA;6610;701
SAO PAULO;6610;899
SERGIPE;6610;57
TOCANTINS;6610;18
ALAGOAS;6629;9
BAHIA;6629;7
CEARA;6629;62
DISTRITO FEDERAL;6629;2
ESPIRITO SANTO;6629;29
GOIAS;6629;4
MATO GROSSO;6629;3
MATO GROSSO DO SUL;6629;1
MINAS GERAIS;6629;5
PARA;6629;1
PARAIBA;6629;4
PARANA;6629;11
PERNAMBUCO;6629;10
RIO DE JANEIRO;6629;26
RIO GRANDE DO NORTE;6629;6
RIO GRANDE DO SUL;6629;8
RONDONIA;6629;1
SANTA CATARINA;6629;44
SAO PAULO;6629;18
SERGIPE;6629;1
ACRE;6637;104
ALAGOAS;6637;257
AMAZONAS;6637;315
AMAPA;6637;70
BAHIA;6637;1141
CEARA;6637;1089
DISTRITO FEDERAL;6637;491
ESPIRITO SANTO;6637;451
GOIAS;6637;1584
MARANHAO;6637;627
MATO GROSSO;6637;734
MATO GROSSO DO SUL;6637;597
MINAS GERAIS;6637;2995
PARA;6637;438
PARAIBA;6637;426
PARANA;6637;2028
PERNAMBUCO;6637;566
PIAUI;6637;193
RIO DE JANEIRO;6637;979
RIO GRANDE DO NORTE;6637;289
RIO GRANDE DO SUL;6637;993
RONDONIA;6637;333
RORAIMA;6637;45
SANTA CATARINA;6637;2049
SAO PAULO;6637;8051
SERGIPE;6637;327
TOCANTINS;6637;98
ACRE;6645;36
ALAGOAS;6645;152
AMAZONAS;6645;72
AMAPA;6645;20
BAHIA;6645;573
CEARA;6645;620
DISTRITO FEDERAL;6645;148
ESPIRITO SANTO;6645;243
GOIAS;6645;749
MARANHAO;6645;221
MATO GROSSO;6645;447
MATO GROSSO DO SUL;6645;308
MINAS GERAIS;6645;1525
PARA;6645;218
PARAIBA;6645;172
PARANA;6645;1168
PERNAMBUCO;6645;473
PIAUI;6645;183
RIO DE JANEIRO;6645;401
RIO GRANDE DO NORTE;6645;232
RIO GRANDE DO SUL;6645;909
RONDONIA;6645;225
RORAIMA;6645;14
SANTA CATARINA;6645;1181
SAO PAULO;6645;3027
SERGIPE;6645;223
TOCANTINS;6645;85
ACRE;6653;47
ALAGOAS;6653;51
AMAZONAS;6653;93
AMAPA;6653;24
BAHIA;6653;314
CEARA;6653;112
DISTRITO FEDERAL;6653;424
ESPIRITO SANTO;6653;132
GOIAS;6653;879
MARANHAO;6653;245
MATO GROSSO;6653;301
MATO GROSSO DO SUL;6653;161
MINAS GERAIS;6653;904
PARA;6653;88
PARAIBA;6653;46
PARANA;6653;993
PERNAMBUCO;6653;201
PIAUI;6653;24
RIO DE JANEIRO;6653;196
RIO GRANDE DO NORTE;6653;66
RIO GRANDE DO SUL;6653;458
RONDONIA;6653;100
RORAIMA;6653;1
SANTA CATARINA;6653;1019
SAO PAULO;6653;1635
SERGIPE;6653;45
TOCANTINS;6653;20
ACRE;6661;12
ALAGOAS;6661;23
AMAZONAS;6661;10
AMAPA;6661;3
BAHIA;6661;97
CEARA;6661;309
DISTRITO FEDERAL;6661;31
ESPIRITO SANTO;6661;33
GOIAS;6661;106
MARANHAO;6661;23
MATO GROSSO;6661;59
MATO GROSSO DO SUL;6661;22
MINAS GERAIS;6661;192
PARA;6661;21
PARAIBA;6661;33
PARANA;6661;115
PERNAMBUCO;6661;31
PIAUI;6661;35
RIO DE JANEIRO;6661;132
RIO GRANDE DO NORTE;6661;36
RIO GRANDE DO SUL;6661;72
RONDONIA;6661;26
RORAIMA;6661;2
SANTA CATARINA;6661;125
SAO PAULO;6661;350
SERGIPE;6661;33
TOCANTINS;6661;13
ACRE;6670;166
ALAGOAS;6670;244
AMAZONAS;6670;231
AMAPA;6670;81
BAHIA;6670;1054
CEARA;6670;1309
DISTRITO FEDERAL;6670;394
ESPIRITO SANTO;6670;346
GOIAS;6670;787
MARANHAO;6670;196
MATO GROSSO;6670;402
MATO GROSSO DO SUL;6670;269
MINAS GERAIS;6670;1416
PARA;6670;257
PARAIBA;6670;219
PARANA;6670;1043
PERNAMBUCO;6670;359
PIAUI;6670;186
RIO DE JANEIRO;6670;711
RIO GRANDE DO NORTE;6670;203
RIO GRANDE DO SUL;6670;1435
RONDONIA;6670;359
RORAIMA;6670;34
SANTA CATARINA;6670;1722
SAO PAULO;6670;2820
SERGIPE;6670;249
TOCANTINS;6670;108
ACRE;6688;1
ALAGOAS;6688;14
AMAZONAS;6688;5
BAHIA;6688;45
CEARA;6688;73
DISTRITO FEDERAL;6688;8
ESPIRITO SANTO;6688;22
GOIAS;6688;64
MARANHAO;6688;16
MATO GROSSO;6688;49
MATO GROSSO DO SUL;6688;32
MINAS GERAIS;6688;108
PARA;6688;55
PARAIBA;6688;20
PARANA;6688;65
PERNAMBUCO;6688;58
PIAUI;6688;15
RIO DE JANEIRO;6688;50
RIO GRANDE DO NORTE;6688;25
RIO GRANDE DO SUL;6688;44
RONDONIA;6688;7
RORAIMA;6688;1
SANTA CATARINA;6688;57
SAO PAULO;6688;186
SERGIPE;6688;24
TOCANTINS;6688;14
ACRE;6696;1
ALAGOAS;6696;5
AMAZONAS;6696;2
AMAPA;6696;1
BAHIA;6696;16
CEARA;6696;5
DISTRITO FEDERAL;6696;5
ESPIRITO SANTO;6696;4
GOIAS;6696;15
MARANHAO;6696;2
MATO GROSSO;6696;5
MATO GROSSO DO SUL;6696;8
MINAS GERAIS;6696;28
PARA;6696;7
PARAIBA;6696;1
PARANA;6696;17
PERNAMBUCO;6696;9
PIAUI;6696;2
RIO DE JANEIRO;6696;9
RIO GRANDE DO NORTE;6696;2
RIO GRANDE DO SUL;6696;33
RONDONIA;6696;4
RORAIMA;6696;1
SANTA CATARINA;6696;49
SAO PAULO;6696;50
SERGIPE;6696;6
TOCANTINS;6696;2
ACRE;6700;38
ALAGOAS;6700;150
AMAZONAS;6700;44
AMAPA;6700;44
BAHIA;6700;557
CEARA;6700;270
DISTRITO FEDERAL;6700;142
ESPIRITO SANTO;6700;186
GOIAS;6700;222
MARANHAO;6700;75
MATO GROSSO;6700;390
MATO GROSSO DO SUL;6700;121
MINAS GERAIS;6700;807
PARA;6700;80
PARAIBA;6700;96
PARANA;6700;571
PERNAMBUCO;6700;201
PIAUI;6700;47
RIO DE JANEIRO;6700;170
RIO GRANDE DO NORTE;6700;95
RIO GRANDE DO SUL;6700;759
RONDONIA;6700;224
RORAIMA;6700;7
SANTA CATARINA;6700;920
SAO PAULO;6700;2170
SERGIPE;6700;317
TOCANTINS;6700;24
PARANA;6718;1
RIO DE JANEIRO;6718;1
SANTA CATARINA;6718;1
SAO PAULO;6718;4
ACRE;6726;165
ALAGOAS;6726;190
AMAZONAS;6726;253
AMAPA;6726;97
BAHIA;6726;1145
CEARA;6726;1042
DISTRITO FEDERAL;6726;342
ESPIRITO SANTO;6726;603
GOIAS;6726;941
MARANHAO;6726;171
MATO GROSSO;6726;711
MATO GROSSO DO SUL;6726;631
MINAS GERAIS;6726;3799
PARA;6726;357
PARAIBA;6726;234
PARANA;6726;1850
PERNAMBUCO;6726;601
PIAUI;6726;171
RIO DE JANEIRO;6726;1661
RIO GRANDE DO NORTE;6726;282
RIO GRANDE DO SUL;6726;1464
RONDONIA;6726;452
RORAIMA;6726;53
SANTA CATARINA;6726;2421
SAO PAULO;6726;17462
SERGIPE;6726;221
TOCANTINS;6726;166
CEARA;6734;4
MATO GROSSO;6734;1
PARANA;6734;2
SANTA CATARINA;6734;3
SAO PAULO;6734;8
CEARA;6742;32
DISTRITO FEDERAL;6742;3
GOIAS;6742;1
MATO GROSSO DO SUL;6742;2
MINAS GERAIS;6742;1
PARA;6742;3
PARAIBA;6742;5
PARANA;6742;2
PERNAMBUCO;6742;6
RIO DE JANEIRO;6742;1
RORAIMA;6742;1
SAO PAULO;6742;3
ALAGOAS;6750;7
BAHIA;6750;25
CEARA;6750;17
DISTRITO FEDERAL;6750;4
ESPIRITO SANTO;6750;16
GOIAS;6750;78
MARANHAO;6750;23
MATO GROSSO;6750;15
MATO GROSSO DO SUL;6750;40
MINAS GERAIS;6750;81
PARA;6750;34
PARAIBA;6750;4
PARANA;6750;61
PERNAMBUCO;6750;24
PIAUI;6750;6
RIO DE JANEIRO;6750;18
RIO GRANDE DO NORTE;6750;1
RIO GRANDE DO SUL;6750;58
RONDONIA;6750;3
RORAIMA;6750;2
SANTA CATARINA;6750;100
SAO PAULO;6750;257
SERGIPE;6750;8
TOCANTINS;6750;2
ACRE;6769;62
ALAGOAS;6769;547
AMAZONAS;6769;88
AMAPA;6769;38
BAHIA;6769;584
CEARA;6769;1278
DISTRITO FEDERAL;6769;2525
ESPIRITO SANTO;6769;239
GOIAS;6769;1600
MARANHAO;6769;131
MATO GROSSO;6769;390
MATO GROSSO DO SUL;6769;616
MINAS GERAIS;6769;2534
PARA;6769;241
PARAIBA;6769;137
PARANA;6769;2618
PERNAMBUCO;6769;302
PIAUI;6769;93
RIO DE JANEIRO;6769;453
RIO GRANDE DO NORTE;6769;95
RIO GRANDE DO SUL;6769;1676
RONDONIA;6769;257
RORAIMA;6769;30
SANTA CATARINA;6769;2354
SAO PAULO;6769;24451
SERGIPE;6769;80
TOCANTINS;6769;119
BAHIA;6777;2
CEARA;6777;2
DISTRITO FEDERAL;6777;1
GOIAS;6777;2
MARANHAO;6777;1
MINAS GERAIS;6777;6
PARANA;6777;2
RIO GRANDE DO SUL;6777;3
RONDONIA;6777;2
RORAIMA;6777;1
SANTA CATARINA;6777;10
SAO PAULO;6777;13
ALAGOAS;6785;18
AMAZONAS;6785;4
BAHIA;6785;10
CEARA;6785;19
DISTRITO FEDERAL;6785;3
ESPIRITO SANTO;6785;9
GOIAS;6785;9
MARANHAO;6785;5
MATO GROSSO;6785;14
MATO GROSSO DO SUL;6785;7
MINAS GERAIS;6785;38
PARA;6785;50
PARAIBA;6785;7
PARANA;6785;29
PERNAMBUCO;6785;21
PIAUI;6785;1
RIO DE JANEIRO;6785;19
RIO GRANDE DO NORTE;6785;11
RIO GRANDE DO SUL;6785;14
RONDONIA;6785;3
RORAIMA;6785;1
SANTA CATARINA;6785;40
SAO PAULO;6785;90
SERGIPE;6785;11
TOCANTINS;6785;3
BAHIA;6793;1
ESPIRITO SANTO;6793;1
MINAS GERAIS;6793;1
PARA;6793;1
PARANA;6793;2
PERNAMBUCO;6793;2
RIO DE JANEIRO;6793;1
RONDONIA;6793;1
SANTA CATARINA;6793;3
SAO PAULO;6793;4
TOCANTINS;6793;1
ACRE;6807;4
ALAGOAS;6807;18
AMAPA;6807;1
BAHIA;6807;101
CEARA;6807;54
DISTRITO FEDERAL;6807;9
ESPIRITO SANTO;6807;50
GOIAS;6807;48
MARANHAO;6807;11
MATO GROSSO;6807;15
MATO GROSSO DO SUL;6807;20
MINAS GERAIS;6807;148
PARA;6807;9
PARAIBA;6807;21
PARANA;6807;211
PERNAMBUCO;6807;51
PIAUI;6807;15
RIO DE JANEIRO;6807;17
RIO GRANDE DO NORTE;6807;22
RIO GRANDE DO SUL;6807;92
RONDONIA;6807;11
SANTA CATARINA;6807;180
SAO PAULO;6807;246
SERGIPE;6807;83
TOCANTINS;6807;9
ALAGOAS;6815;1
GOIAS;6815;1
MINAS GERAIS;6815;2
RIO GRANDE DO NORTE;6815;1
RIO GRANDE DO SUL;6815;1
SAO PAULO;6815;5
ACRE;6823;1
ALAGOAS;6823;8
AMAZONAS;6823;2
AMAPA;6823;1
BAHIA;6823;52
CEARA;6823;30
DISTRITO FEDERAL;6823;11
ESPIRITO SANTO;6823;20
GOIAS;6823;100
MARANHAO;6823;38
MATO GROSSO;6823;148
MATO GROSSO DO SUL;6823;66
MINAS GERAIS;6823;177
PARA;6823;35
PARAIBA;6823;5
PARANA;6823;196
PERNAMBUCO;6823;20
PIAUI;6823;11
RIO DE JANEIRO;6823;28
RIO GRANDE DO NORTE;6823;2
RIO GRANDE DO SUL;6823;106
RONDONIA;6823;25
SANTA CATARINA;6823;169
SAO PAULO;6823;334
SERGIPE;6823;6
TOCANTINS;6823;37
ACRE;6831;56
ALAGOAS;6831;147
AMAZONAS;6831;138
AMAPA;6831;10
BAHIA;6831;449
CEARA;6831;324
DISTRITO FEDERAL;6831;54
ESPIRITO SANTO;6831;146
GOIAS;6831;251
MARANHAO;6831;179
MATO GROSSO;6831;548
MATO GROSSO DO SUL;6831;84
MINAS GERAIS;6831;1049
PARA;6831;285
PARAIBA;6831;99
PARANA;6831;599
PERNAMBUCO;6831;321
PIAUI;6831;118
RIO DE JANEIRO;6831;61
RIO GRANDE DO NORTE;6831;147
RIO GRANDE DO SUL;6831;439
RONDONIA;6831;582
RORAIMA;6831;24
SANTA CATARINA;6831;638
SAO PAULO;6831;1089
SERGIPE;6831;135
TOCANTINS;6831;172
ACRE;6840;2
ALAGOAS;6840;6
AMAZONAS;6840;14
AMAPA;6840;2
BAHIA;6840;79
CEARA;6840;49
DISTRITO FEDERAL;6840;8
ESPIRITO SANTO;6840;28
GOIAS;6840;90
MARANHAO;6840;32
MATO GROSSO;6840;130
MATO GROSSO DO SUL;6840;68
MINAS GERAIS;6840;152
PARA;6840;39
PARAIBA;6840;8
PARANA;6840;200
PERNAMBUCO;6840;25
PIAUI;6840;25
RIO DE JANEIRO;6840;9
RIO GRANDE DO NORTE;6840;10
RIO GRANDE DO SUL;6840;91
RONDONIA;6840;35
RORAIMA;6840;2
SANTA CATARINA;6840;158
SAO PAULO;6840;296
SERGIPE;6840;6
TOCANTINS;6840;24
ACRE;6858;51
ALAGOAS;6858;87
AMAZONAS;6858;242
AMAPA;6858;38
BAHIA;6858;251
CEARA;6858;446
DISTRITO FEDERAL;6858;112
ESPIRITO SANTO;6858;51
GOIAS;6858;106
MARANHAO;6858;154
MATO GROSSO;6858;105
MATO GROSSO DO SUL;6858;54
MINAS GERAIS;6858;350
PARA;6858;410
PARAIBA;6858;173
PARANA;6858;135
PERNAMBUCO;6858;167
PIAUI;6858;93
RIO DE JANEIRO;6858;243
RIO GRANDE DO NORTE;6858;65
RIO GRANDE DO SUL;6858;122
RONDONIA;6858;102
RORAIMA;6858;21
SANTA CATARINA;6858;142
SAO PAULO;6858;723
SERGIPE;6858;112
TOCANTINS;6858;23
ACRE;6866;39
ALAGOAS;6866;14
AMAZONAS;6866;1
AMAPA;6866;8
BAHIA;6866;96
CEARA;6866;53
DISTRITO FEDERAL;6866;206
ESPIRITO SANTO;6866;7
GOIAS;6866;35
MARANHAO;6866;37
MATO GROSSO;6866;4
MATO GROSSO DO SUL;6866;9
MINAS GERAIS;6866;146
PARA;6866;73
PARAIBA;6866;38
PARANA;6866;49
PERNAMBUCO;6866;9
PIAUI;6866;7
RIO DE JANEIRO;6866;46
RIO GRANDE DO NORTE;6866;27
RIO GRANDE DO SUL;6866;13
RONDONIA;6866;5
SANTA CATARINA;6866;60
SAO PAULO;6866;111
SERGIPE;6866;16
TOCANTINS;6866;1
MINAS GERAIS;6874;2
SAO PAULO;6874;1
AMAZONAS;6882;2
BAHIA;6882;1
CEARA;6882;1
ESPIRITO SANTO;6882;2
GOIAS;6882;1
MARANHAO;6882;1
MINAS GERAIS;6882;7
PARA;6882;1
PERNAMBUCO;6882;2
RIO GRANDE DO SUL;6882;2
SANTA CATARINA;6882;2
SAO PAULO;6882;10
BAHIA;6890;1
MINAS GERAIS;6890;5
PARANA;6890;1
PERNAMBUCO;6890;2
RIO GRANDE DO SUL;6890;1
SANTA CATARINA;6890;1
SAO PAULO;6890;2
ACRE;6904;1
ALAGOAS;6904;2
AMAZONAS;6904;10
AMAPA;6904;1
BAHIA;6904;21
CEARA;6904;4
DISTRITO FEDERAL;6904;1
ESPIRITO SANTO;6904;4
GOIAS;6904;7
MARANHAO;6904;10
MATO GROSSO;6904;5
MATO GROSSO DO SUL;6904;2
MINAS GERAIS;6904;16
PARA;6904;11
PARAIBA;6904;6
PARANA;6904;14
PERNAMBUCO;6904;10
PIAUI;6904;2
RIO DE JANEIRO;6904;9
RIO GRANDE DO NORTE;6904;3
RIO GRANDE DO SUL;6904;13
RONDONIA;6904;1
RORAIMA;6904;7
SANTA CATARINA;6904;15
SAO PAULO;6904;19
SERGIPE;6904;14
TOCANTINS;6904;4
ACRE;6912;13
ALAGOAS;6912;14
AMAZONAS;6912;4
AMAPA;6912;7
BAHIA;6912;321
CEARA;6912;79
DISTRITO FEDERAL;6912;123
ESPIRITO SANTO;6912;39
GOIAS;6912;182
MARANHAO;6912;380
MATO GROSSO;6912;61
MATO GROSSO DO SUL;6912;47
MINAS GERAIS;6912;236
PARA;6912;58
PARAIBA;6912;27
PARANA;6912;107
PERNAMBUCO;6912;175
PIAUI;6912;18
RIO DE JANEIRO;6912;129
RIO GRANDE DO NORTE;6912;36
RIO GRANDE DO SUL;6912;68
RONDONIA;6912;22
SANTA CATARINA;6912;149
SAO PAULO;6912;762
SERGIPE;6912;27
TOCANTINS;6912;16
ACRE;6920;12
ALAGOAS;6920;161
AMAZONAS;6920;33
AMAPA;6920;3
BAHIA;6920;1894
CEARA;6920;6649
DISTRITO FEDERAL;6920;1766
ESPIRITO SANTO;6920;145
GOIAS;6920;18848
MARANHAO;6920;6393
MATO GROSSO;6920;190
MATO GROSSO DO SUL;6920;4548
MINAS GERAIS;6920;24711
PARA;6920;79
PARAIBA;6920;135
PARANA;6920;2137
PERNAMBUCO;6920;2834
PIAUI;6920;74
RIO DE JANEIRO;6920;6033
RIO GRANDE DO NORTE;6920;60
RIO GRANDE DO SUL;6920;8565
RONDONIA;6920;62
RORAIMA;6920;10
SANTA CATARINA;6920;16125
SAO PAULO;6920;95488
SERGIPE;6920;1013
TOCANTINS;6920;61
BAHIA;6939;1
CEARA;6939;1
ESPIRITO SANTO;6939;2
MATO GROSSO;6939;1
MATO GROSSO DO SUL;6939;2
MINAS GERAIS;6939;4
PARANA;6939;1
RONDONIA;6939;1
SAO PAULO;6939;6
ACRE;6947;6
ALAGOAS;6947;30
AMAZONAS;6947;6
AMAPA;6947;3
BAHIA;6947;53
CEARA;6947;74
DISTRITO FEDERAL;6947;25
ESPIRITO SANTO;6947;32
GOIAS;6947;99
MARANHAO;6947;31
MATO GROSSO;6947;35
MATO GROSSO DO SUL;6947;41
MINAS GERAIS;6947;161
PARA;6947;33
PARAIBA;6947;35
PARANA;6947;151
PERNAMBUCO;6947;79
PIAUI;6947;20
RIO DE JANEIRO;6947;70
RIO GRANDE DO NORTE;6947;52
RIO GRANDE DO SUL;6947;87
RONDONIA;6947;38
RORAIMA;6947;2
SANTA CATARINA;6947;187
SAO PAULO;6947;467
SERGIPE;6947;31
TOCANTINS;6947;4
AMAZONAS;6955;1
BAHIA;6955;1
CEARA;6955;4
DISTRITO FEDERAL;6955;3
ESPIRITO SANTO;6955;1
GOIAS;6955;1
MARANHAO;6955;1
MINAS GERAIS;6955;8
PARA;6955;2
PARAIBA;6955;1
PARANA;6955;3
PERNAMBUCO;6955;2
RIO DE JANEIRO;6955;4
RIO GRANDE DO SUL;6955;5
RONDONIA;6955;1
SANTA CATARINA;6955;1
SAO PAULO;6955;17
ACRE;6963;1
ALAGOAS;6963;3
AMAZONAS;6963;2
AMAPA;6963;4
BAHIA;6963;36
CEARA;6963;18
DISTRITO FEDERAL;6963;4
ESPIRITO SANTO;6963;15
GOIAS;6963;25
MARANHAO;6963;18
MATO GROSSO;6963;40
MATO GROSSO DO SUL;6963;27
MINAS GERAIS;6963;53
PARA;6963;13
PARAIBA;6963;9
PARANA;6963;50
PERNAMBUCO;6963;19
PIAUI;6963;6
RIO DE JANEIRO;6963;15
RIO GRANDE DO NORTE;6963;33
RIO GRANDE DO SUL;6963;42
RONDONIA;6963;12
RORAIMA;6963;2
SANTA CATARINA;6963;66
SAO PAULO;6963;165
SERGIPE;6963;7
TOCANTINS;6963;1
ACRE;6971;1
ALAGOAS;6971;3
BAHIA;6971;37
CEARA;6971;6
DISTRITO FEDERAL;6971;5
ESPIRITO SANTO;6971;3
GOIAS;6971;17
MARANHAO;6971;19
MATO GROSSO;6971;9
MATO GROSSO DO SUL;6971;1
MINAS GERAIS;6971;26
PARA;6971;15
PARAIBA;6971;1
PARANA;6971;14
PERNAMBUCO;6971;6
PIAUI;6971;1
RIO DE JANEIRO;6971;11
RIO GRANDE DO NORTE;6971;6
RIO GRANDE DO SUL;6971;16
RONDONIA;6971;2
RORAIMA;6971;3
SANTA CATARINA;6971;9
SAO PAULO;6971;27
SERGIPE;6971;3
TOCANTINS;6971;1
ACRE;6980;3
ALAGOAS;6980;1
AMAZONAS;6980;10
BAHIA;6980;19
CEARA;6980;21
DISTRITO FEDERAL;6980;25
ESPIRITO SANTO;6980;7
GOIAS;6980;22
MARANHAO;6980;11
MATO GROSSO;6980;43
MATO GROSSO DO SUL;6980;24
MINAS GERAIS;6980;149
PARA;6980;29
PARAIBA;6980;6
PARANA;6980;66
PERNAMBUCO;6980;16
PIAUI;6980;2
RIO DE JANEIRO;6980;54
RIO GRANDE DO NORTE;6980;9
RIO GRANDE DO SUL;6980;33
RONDONIA;6980;8
SANTA CATARINA;6980;54
SAO PAULO;6980;302
SERGIPE;6980;6
TOCANTINS;6980;19
BAHIA;7005;1
ESPIRITO SANTO;7005;1
PARANA;7005;2
SAO PAULO;7005;1
DISTRITO FEDERAL;7013;1
GOIAS;7013;1
PARA;7013;1
SAO PAULO;7013;13
GOIAS;7021;1
ACRE;7030;73
ALAGOAS;7030;769
AMAZONAS;7030;2087
AMAPA;7030;23
BAHIA;7030;1266
CEARA;7030;4714
DISTRITO FEDERAL;7030;75
ESPIRITO SANTO;7030;168
GOIAS;7030;249
MARANHAO;7030;1578
MATO GROSSO;7030;97
MATO GROSSO DO SUL;7030;46
MINAS GERAIS;7030;440
PARA;7030;7296
PARAIBA;7030;2522
PARANA;7030;288
PERNAMBUCO;7030;735
PIAUI;7030;1871
RIO DE JANEIRO;7030;2325
RIO GRANDE DO NORTE;7030;727
RIO GRANDE DO SUL;7030;49
RONDONIA;7030;51
RORAIMA;7030;10
SANTA CATARINA;7030;158
SAO PAULO;7030;2737
SERGIPE;7030;523
TOCANTINS;7030;68
ACRE;7048;55
ALAGOAS;7048;408
AMAZONAS;7048;1690
AMAPA;7048;16
BAHIA;7048;936
CEARA;7048;2653
DISTRITO FEDERAL;7048;57
ESPIRITO SANTO;7048;97
GOIAS;7048;131
MARANHAO;7048;762
MATO GROSSO;7048;68
MATO GROSSO DO SUL;7048;26
MINAS GERAIS;7048;183
PARA;7048;3592
PARAIBA;7048;1135
PARANA;7048;128
PERNAMBUCO;7048;856
PIAUI;7048;1019
RIO DE JANEIRO;7048;952
RIO GRANDE DO NORTE;7048;207
RIO GRANDE DO SUL;7048;32
RONDONIA;7048;65
RORAIMA;7048;21
SANTA CATARINA;7048;72
SAO PAULO;7048;689
SERGIPE;7048;438
TOCANTINS;7048;24
ACRE;7056;17
ALAGOAS;7056;7
AMAZONAS;7056;7
BAHIA;7056;84
CEARA;7056;28
DISTRITO FEDERAL;7056;24
ESPIRITO SANTO;7056;32
GOIAS;7056;71
MARANHAO;7056;14
MATO GROSSO;7056;122
MATO GROSSO DO SUL;7056;33
MINAS GERAIS;7056;255
PARA;7056;12
PARAIBA;7056;12
PARANA;7056;376
PERNAMBUCO;7056;18
PIAUI;7056;9
RIO DE JANEIRO;7056;20
RIO GRANDE DO NORTE;7056;10
RIO GRANDE DO SUL;7056;61
RONDONIA;7056;42
RORAIMA;7056;2
SANTA CATARINA;7056;165
SAO PAULO;7056;897
SERGIPE;7056;30
TOCANTINS;7056;2
DISTRITO FEDERAL;7064;1
GOIAS;7064;2
MARANHAO;7064;1
MINAS GERAIS;7064;1
PARANA;7064;1
RIO DE JANEIRO;7064;1
RIO GRANDE DO NORTE;7064;7
SANTA CATARINA;7064;8
ACRE;7072;29
ALAGOAS;7072;15
AMAZONAS;7072;75
AMAPA;7072;2
BAHIA;7072;32
CEARA;7072;146
DISTRITO FEDERAL;7072;5
ESPIRITO SANTO;7072;11
GOIAS;7072;12
MARANHAO;7072;79
MATO GROSSO;7072;50
MATO GROSSO DO SUL;7072;13
MINAS GERAIS;7072;32
PARA;7072;119
PARAIBA;7072;44
PARANA;7072;15
PERNAMBUCO;7072;19
PIAUI;7072;29
RIO DE JANEIRO;7072;28
RIO GRANDE DO NORTE;7072;12
RIO GRANDE DO SUL;7072;5
RONDONIA;7072;28
RORAIMA;7072;4
SANTA CATARINA;7072;9
SAO PAULO;7072;61
SERGIPE;7072;18
TOCANTINS;7072;9
ACRE;7080;1
BAHIA;7080;1
CEARA;7080;1
DISTRITO FEDERAL;7080;2
MARANHAO;7080;1
MATO GROSSO;7080;1
MINAS GERAIS;7080;2
PARANA;7080;1
PERNAMBUCO;7080;2
RONDONIA;7080;2
SANTA CATARINA;7080;1
SAO PAULO;7080;7
ACRE;7099;3
ALAGOAS;7099;4
AMAZONAS;7099;7
BAHIA;7099;19
CEARA;7099;17
DISTRITO FEDERAL;7099;17
ESPIRITO SANTO;7099;5
GOIAS;7099;32
MATO GROSSO;7099;4
MATO GROSSO DO SUL;7099;14
MINAS GERAIS;7099;55
PARA;7099;6
PARAIBA;7099;9
PARANA;7099;32
PERNAMBUCO;7099;5
RIO DE JANEIRO;7099;2
RIO GRANDE DO NORTE;7099;10
RIO GRANDE DO SUL;7099;21
RONDONIA;7099;6
SANTA CATARINA;7099;66
SAO PAULO;7099;480
SERGIPE;7099;27
TOCANTINS;7099;1
ACRE;7102;1
ALAGOAS;7102;4
BAHIA;7102;6
CEARA;7102;88
DISTRITO FEDERAL;7102;14
ESPIRITO SANTO;7102;2
GOIAS;7102;22
MARANHAO;7102;2
MATO GROSSO;7102;1
MATO GROSSO DO SUL;7102;4
MINAS GERAIS;7102;16
PARA;7102;2
PARAIBA;7102;2
PARANA;7102;6
PERNAMBUCO;7102;12
PIAUI;7102;2
RIO DE JANEIRO;7102;5
RIO GRANDE DO NORTE;7102;5
RIO GRANDE DO SUL;7102;3
RONDONIA;7102;5
SANTA CATARINA;7102;12
SAO PAULO;7102;28
SERGIPE;7102;1
ALAGOAS;7110;1
BAHIA;7110;4
CEARA;7110;1
MATO GROSSO;7110;1
PERNAMBUCO;7110;2
RIO DE JANEIRO;7110;1
SAO PAULO;7110;1
GOIAS;7129;6
MINAS GERAIS;7129;1
PIAUI;7129;1
RIO GRANDE DO NORTE;7129;3
BAHIA;7137;4
CEARA;7137;3
GOIAS;7137;1
MINAS GERAIS;7137;1
PARA;7137;8
PARAIBA;7137;1
RIO DE JANEIRO;7137;1
SANTA CATARINA;7137;2
SAO PAULO;7137;2
ESPIRITO SANTO;7145;1
MINAS GERAIS;7145;1
SAO PAULO;7145;1
BAHIA;7153;1
DISTRITO FEDERAL;7153;5
GOIAS;7153;6
MARANHAO;7153;1
MATO GROSSO DO SUL;7153;2
MINAS GERAIS;7153;1
PARA;7153;2
PARANA;7153;2
RIO DE JANEIRO;7153;21
RIO GRANDE DO SUL;7153;5
SANTA CATARINA;7153;5
SAO PAULO;7153;10
DISTRITO FEDERAL;7161;10
GOIAS;7161;5
MINAS GERAIS;7161;1
RIO DE JANEIRO;7161;25
DISTRITO FEDERAL;7170;1
ESPIRITO SANTO;7170;1
GOIAS;7170;1
RIO DE JANEIRO;7170;6
RIO GRANDE DO SUL;7170;2
ESPIRITO SANTO;7188;1
GOIAS;7188;1
MINAS GERAIS;7188;1
RIO DE JANEIRO;7188;1
SANTA CATARINA;7188;1
BAHIA;7196;2
ESPIRITO SANTO;7196;4
GOIAS;7196;1
MARANHAO;7196;2
MINAS GERAIS;7196;5
RIO DE JANEIRO;7196;19
SANTA CATARINA;7196;2
SAO PAULO;7196;3
SANTA CATARINA;7200;1
ACRE;7218;1
ALAGOAS;7218;13
AMAZONAS;7218;10
BAHIA;7218;41
CEARA;7218;59
DISTRITO FEDERAL;7218;31
ESPIRITO SANTO;7218;3
GOIAS;7218;77
MARANHAO;7218;6
MATO GROSSO;7218;5
MATO GROSSO DO SUL;7218;18
MINAS GERAIS;7218;51
PARA;7218;33
PARAIBA;7218;10
PARANA;7218;15
PERNAMBUCO;7218;23
PIAUI;7218;5
RIO DE JANEIRO;7218;8
RIO GRANDE DO NORTE;7218;9
RIO GRANDE DO SUL;7218;11
RONDONIA;7218;12
RORAIMA;7218;1
SANTA CATARINA;7218;17
SAO PAULO;7218;45
SERGIPE;7218;5
TOCANTINS;7218;7
BAHIA;7226;1
GOIAS;7226;1
PARANA;7226;2
RIO DE JANEIRO;7226;1
RIO GRANDE DO NORTE;7226;4
SANTA CATARINA;7226;1
SAO PAULO;7226;2
ACRE;7234;5
ALAGOAS;7234;10
AMAZONAS;7234;1438
AMAPA;7234;1
BAHIA;7234;617
CEARA;7234;264
DISTRITO FEDERAL;7234;406
ESPIRITO SANTO;7234;60
GOIAS;7234;110
MARANHAO;7234;10
MATO GROSSO;7234;20
MATO GROSSO DO SUL;7234;39
MINAS GERAIS;7234;448
PARA;7234;37
PARAIBA;7234;5
PARANA;7234;607
PERNAMBUCO;7234;59
PIAUI;7234;14
RIO DE JANEIRO;7234;40
RIO GRANDE DO NORTE;7234;95
RIO GRANDE DO SUL;7234;301
RONDONIA;7234;17
RORAIMA;7234;16
SANTA CATARINA;7234;416
SAO PAULO;7234;2343
SERGIPE;7234;11
TOCANTINS;7234;8
ACRE;7242;3
ALAGOAS;7242;2
AMAZONAS;7242;5
BAHIA;7242;474
CEARA;7242;20
DISTRITO FEDERAL;7242;201
ESPIRITO SANTO;7242;23
GOIAS;7242;163
MARANHAO;7242;10
MATO GROSSO;7242;111
MATO GROSSO DO SUL;7242;37
MINAS GERAIS;7242;254
PARA;7242;22
PARAIBA;7242;3
PARANA;7242;351
PERNAMBUCO;7242;10
PIAUI;7242;7
RIO DE JANEIRO;7242;38
RIO GRANDE DO NORTE;7242;8
RIO GRANDE DO SUL;7242;528
RONDONIA;7242;22
SANTA CATARINA;7242;1149
SAO PAULO;7242;2370
SERGIPE;7242;3
TOCANTINS;7242;3
CEARA;7250;1
DISTRITO FEDERAL;7250;1
ESPIRITO SANTO;7250;1
GOIAS;7250;1
MINAS GERAIS;7250;1
PARA;7250;1
PARANA;7250;1
SANTA CATARINA;7250;1
SAO PAULO;7250;2
TOCANTINS;7250;1
ACRE;7269;6
ALAGOAS;7269;9
AMAZONAS;7269;27
BAHIA;7269;102
CEARA;7269;36
DISTRITO FEDERAL;7269;11
ESPIRITO SANTO;7269;21
GOIAS;7269;20
MARANHAO;7269;13
MATO GROSSO;7269;35
MATO GROSSO DO SUL;7269;13
MINAS GERAIS;7269;31
PARA;7269;11
PARAIBA;7269;6
PARANA;7269;44
PERNAMBUCO;7269;19
PIAUI;7269;13
RIO DE JANEIRO;7269;11
RIO GRANDE DO NORTE;7269;36
RIO GRANDE DO SUL;7269;42
RONDONIA;7269;16
RORAIMA;7269;2
SANTA CATARINA;7269;16
SAO PAULO;7269;288
SERGIPE;7269;22
TOCANTINS;7269;1
RIO GRANDE DO SUL;7277;2
SANTA CATARINA;7277;1
ALAGOAS;7285;6
AMAZONAS;7285;9
BAHIA;7285;29
CEARA;7285;2385
DISTRITO FEDERAL;7285;264
ESPIRITO SANTO;7285;3
GOIAS;7285;45
MARANHAO;7285;10
MATO GROSSO;7285;10
MATO GROSSO DO SUL;7285;3
MINAS GERAIS;7285;104
PARA;7285;42
PARAIBA;7285;13
PARANA;7285;339
PERNAMBUCO;7285;20
PIAUI;7285;12
RIO DE JANEIRO;7285;14
RIO GRANDE DO NORTE;7285;10
RIO GRANDE DO SUL;7285;284
RONDONIA;7285;2
RORAIMA;7285;1
SANTA CATARINA;7285;429
SAO PAULO;7285;2487
SERGIPE;7285;6
TOCANTINS;7285;1
ACRE;7293;1
ALAGOAS;7293;2
AMAZONAS;7293;5
BAHIA;7293;5
CEARA;7293;28
DISTRITO FEDERAL;7293;1
ESPIRITO SANTO;7293;42
GOIAS;7293;11
MARANHAO;7293;5
MATO GROSSO;7293;4
MATO GROSSO DO SUL;7293;93
MINAS GERAIS;7293;73
PARA;7293;16
PARAIBA;7293;19
PARANA;7293;38
PERNAMBUCO;7293;3
PIAUI;7293;15
RIO DE JANEIRO;7293;18
RIO GRANDE DO NORTE;7293;5
RIO GRANDE DO SUL;7293;58
RONDONIA;7293;2
RORAIMA;7293;1
SANTA CATARINA;7293;23
SAO PAULO;7293;134
SERGIPE;7293;36
TOCANTINS;7293;1
AMAZONAS;7307;4
BAHIA;7307;1
CEARA;7307;1
MINAS GERAIS;7307;2
PARANA;7307;4
PIAUI;7307;1
RIO DE JANEIRO;7307;2
RIO GRANDE DO NORTE;7307;1
RIO GRANDE DO SUL;7307;12
SANTA CATARINA;7307;16
SAO PAULO;7307;3
ALAGOAS;7315;18
AMAZONAS;7315;5
BAHIA;7315;26
CEARA;7315;7
DISTRITO FEDERAL;7315;67
ESPIRITO SANTO;7315;20
GOIAS;7315;39
MARANHAO;7315;1
MATO GROSSO;7315;9
MATO GROSSO DO SUL;7315;8
MINAS GERAIS;7315;85
PARA;7315;4
PARAIBA;7315;5
PARANA;7315;86
PERNAMBUCO;7315;20
PIAUI;7315;2
RIO DE JANEIRO;7315;32
RIO GRANDE DO NORTE;7315;21
RIO GRANDE DO SUL;7315;101
RONDONIA;7315;3
SANTA CATARINA;7315;87
SAO PAULO;7315;440
SERGIPE;7315;4
TOCANTINS;7315;1
ALAGOAS;7323;1
AMAZONAS;7323;1
AMAPA;7323;1
BAHIA;7323;21
CEARA;7323;18
DISTRITO FEDERAL;7323;36
ESPIRITO SANTO;7323;8
GOIAS;7323;73
MARANHAO;7323;11
MATO GROSSO;7323;24
MATO GROSSO DO SUL;7323;15
MINAS GERAIS;7323;61
PARA;7323;6
PARAIBA;7323;2
PARANA;7323;133
PERNAMBUCO;7323;7
PIAUI;7323;1
RIO DE JANEIRO;7323;6
RIO GRANDE DO NORTE;7323;2
RIO GRANDE DO SUL;7323;39
RONDONIA;7323;1
SANTA CATARINA;7323;59
SAO PAULO;7323;193
SERGIPE;7323;4
CEARA;7331;2
DISTRITO FEDERAL;7331;3
GOIAS;7331;1
MATO GROSSO DO SUL;7331;1
MINAS GERAIS;7331;1
PARANA;7331;2
RIO GRANDE DO SUL;7331;1
SANTA CATARINA;7331;2
SAO PAULO;7331;14
ACRE;7340;252
ALAGOAS;7340;482
AMAZONAS;7340;219
AMAPA;7340;272
BAHIA;7340;1987
CEARA;7340;8522
DISTRITO FEDERAL;7340;545
ESPIRITO SANTO;7340;465
GOIAS;7340;1288
MARANHAO;7340;416
MATO GROSSO;7340;886
MATO GROSSO DO SUL;7340;366
MINAS GERAIS;7340;3194
PARA;7340;955
PARAIBA;7340;490
PARANA;7340;1004
PERNAMBUCO;7340;1279
PIAUI;7340;155
RIO DE JANEIRO;7340;617
RIO GRANDE DO NORTE;7340;458
RIO GRANDE DO SUL;7340;1581
RONDONIA;7340;320
RORAIMA;7340;5
SANTA CATARINA;7340;2269
SAO PAULO;7340;6388
SERGIPE;7340;194
TOCANTINS;7340;142
ACRE;7358;4
ALAGOAS;7358;12
AMAZONAS;7358;4
BAHIA;7358;34
CEARA;7358;16
DISTRITO FEDERAL;7358;97
ESPIRITO SANTO;7358;19
GOIAS;7358;65
MARANHAO;7358;3
MATO GROSSO;7358;47
MATO GROSSO DO SUL;7358;21
MINAS GERAIS;7358;114
PARA;7358;7
PARAIBA;7358;1
PARANA;7358;144
PERNAMBUCO;7358;31
PIAUI;7358;3
RIO DE JANEIRO;7358;32
RIO GRANDE DO NORTE;7358;7
RIO GRANDE DO SUL;7358;168
RONDONIA;7358;15
SANTA CATARINA;7358;162
SAO PAULO;7358;880
SERGIPE;7358;3
TOCANTINS;7358;4
ACRE;7366;39
ALAGOAS;7366;255
AMAZONAS;7366;272
AMAPA;7366;22
BAHIA;7366;1955
CEARA;7366;501
DISTRITO FEDERAL;7366;591
ESPIRITO SANTO;7366;383
GOIAS;7366;1942
MARANHAO;7366;284
MATO GROSSO;7366;611
MATO GROSSO DO SUL;7366;259
MINAS GERAIS;7366;2045
PARA;7366;215
PARAIBA;7366;392
PARANA;7366;767
PERNAMBUCO;7366;316
PIAUI;7366;115
RIO DE JANEIRO;7366;978
RIO GRANDE DO NORTE;7366;191
RIO GRANDE DO SUL;7366;517
RONDONIA;7366;102
RORAIMA;7366;9
SANTA CATARINA;7366;729
SAO PAULO;7366;6487
SERGIPE;7366;213
TOCANTINS;7366;34
ALAGOAS;7374;5
AMAZONAS;7374;7
AMAPA;7374;2
BAHIA;7374;43
CEARA;7374;3
DISTRITO FEDERAL;7374;18
ESPIRITO SANTO;7374;15
GOIAS;7374;34
MARANHAO;7374;12
MATO GROSSO;7374;3
MATO GROSSO DO SUL;7374;3
MINAS GERAIS;7374;52
PARA;7374;16
PARAIBA;7374;4
PARANA;7374;19
PERNAMBUCO;7374;7
PIAUI;7374;13
RIO DE JANEIRO;7374;142
RIO GRANDE DO NORTE;7374;3
RIO GRANDE DO SUL;7374;12
SANTA CATARINA;7374;43
SAO PAULO;7374;115
SERGIPE;7374;5
BAHIA;7439;1
ACRE;7455;1320
ALAGOAS;7455;13201
AMAZONAS;7455;3299
AMAPA;7455;4536
BAHIA;7455;122625
CEARA;7455;77970
DISTRITO FEDERAL;7455;103748
ESPIRITO SANTO;7455;48136
GOIAS;7455;246335
MARANHAO;7455;26076
MATO GROSSO;7455;46773
MATO GROSSO DO SUL;7455;32298
MINAS GERAIS;7455;260302
PARA;7455;63858
PARAIBA;7455;25255
PARANA;7455;190823
PERNAMBUCO;7455;41478
PIAUI;7455;17617
RIO DE JANEIRO;7455;113640
RIO GRANDE DO NORTE;7455;23558
RIO GRANDE DO SUL;7455;87687
RONDONIA;7455;12908
RORAIMA;7455;411
SANTA CATARINA;7455;101021
SAO PAULO;7455;573908
SERGIPE;7455;14912
TOCANTINS;7455;13229
ACRE;7463;347
ALAGOAS;7463;2840
AMAZONAS;7463;941
AMAPA;7463;608
BAHIA;7463;18942
CEARA;7463;12244
DISTRITO FEDERAL;7463;13242
ESPIRITO SANTO;7463;8212
GOIAS;7463;33974
MARANHAO;7463;5267
MATO GROSSO;7463;8848
MATO GROSSO DO SUL;7463;6473
MINAS GERAIS;7463;44246
PARA;7463;15713
PARAIBA;7463;5052
PARANA;7463;33115
PERNAMBUCO;7463;7970
PIAUI;7463;2988
RIO DE JANEIRO;7463;17980
RIO GRANDE DO NORTE;7463;3247
RIO GRANDE DO SUL;7463;12294
RONDONIA;7463;3066
RORAIMA;7463;88
SANTA CATARINA;7463;16537
SAO PAULO;7463;86788
SERGIPE;7463;2875
TOCANTINS;7463;2660
ACRE;7471;84
ALAGOAS;7471;422
AMAZONAS;7471;184
AMAPA;7471;84
BAHIA;7471;2487
CEARA;7471;1716
DISTRITO FEDERAL;7471;2573
ESPIRITO SANTO;7471;883
GOIAS;7471;6289
MARANHAO;7471;1367
MATO GROSSO;7471;1438
MATO GROSSO DO SUL;7471;950
MINAS GERAIS;7471;5918
PARA;7471;3440
PARAIBA;7471;707
PARANA;7471;4137
PERNAMBUCO;7471;1638
PIAUI;7471;451
RIO DE JANEIRO;7471;2120
RIO GRANDE DO NORTE;7471;400
RIO GRANDE DO SUL;7471;1233
RONDONIA;7471;718
RORAIMA;7471;12
SANTA CATARINA;7471;1791
SAO PAULO;7471;10272
SERGIPE;7471;518
TOCANTINS;7471;526
ACRE;7552;1
BAHIA;7552;2
CEARA;7552;3
DISTRITO FEDERAL;7552;3
ESPIRITO SANTO;7552;1
MARANHAO;7552;1
MATO GROSSO DO SUL;7552;1
MINAS GERAIS;7552;19
PARA;7552;49
PARAIBA;7552;1
PARANA;7552;3
PERNAMBUCO;7552;2
RIO DE JANEIRO;7552;6
SANTA CATARINA;7552;9
SAO PAULO;7552;11
ACRE;7560;5
ALAGOAS;7560;34
AMAZONAS;7560;12
AMAPA;7560;2
BAHIA;7560;123
CEARA;7560;34
DISTRITO FEDERAL;7560;7
ESPIRITO SANTO;7560;46
GOIAS;7560;83
MARANHAO;7560;28
MATO GROSSO;7560;93
MATO GROSSO DO SUL;7560;54
MINAS GERAIS;7560;191
PARA;7560;48
PARAIBA;7560;18
PARANA;7560;166
PERNAMBUCO;7560;96
PIAUI;7560;27
RIO DE JANEIRO;7560;50
RIO GRANDE DO NORTE;7560;26
RIO GRANDE DO SUL;7560;101
RONDONIA;7560;81
RORAIMA;7560;10
SANTA CATARINA;7560;161
SAO PAULO;7560;218
SERGIPE;7560;61
TOCANTINS;7560;22
ACRE;7579;37
ALAGOAS;7579;114
AMAZONAS;7579;99
AMAPA;7579;61
BAHIA;7579;1797
CEARA;7579;427
DISTRITO FEDERAL;7579;2285
ESPIRITO SANTO;7579;319
GOIAS;7579;702
MARANHAO;7579;706
MATO GROSSO;7579;309
MATO GROSSO DO SUL;7579;228
MINAS GERAIS;7579;2128
PARA;7579;133
PARAIBA;7579;184
PARANA;7579;698
PERNAMBUCO;7579;318
PIAUI;7579;103
RIO DE JANEIRO;7579;2824
RIO GRANDE DO NORTE;7579;372
RIO GRANDE DO SUL;7579;1178
RONDONIA;7579;96
RORAIMA;7579;34
SANTA CATARINA;7579;2512
SAO PAULO;7579;9140
SERGIPE;7579;95
TOCANTINS;7579;87
ACRE;7587;29
ALAGOAS;7587;182
AMAZONAS;7587;72
AMAPA;7587;17
BAHIA;7587;1819
CEARA;7587;5750
DISTRITO FEDERAL;7587;2784
ESPIRITO SANTO;7587;393
GOIAS;7587;4166
MARANHAO;7587;662
MATO GROSSO;7587;149
MATO GROSSO DO SUL;7587;158
MINAS GERAIS;7587;10643
PARA;7587;444
PARAIBA;7587;359
PARANA;7587;3218
PERNAMBUCO;7587;7633
PIAUI;7587;4338
RIO DE JANEIRO;7587;5731
RIO GRANDE DO NORTE;7587;558
RIO GRANDE DO SUL;7587;1615
RONDONIA;7587;63
RORAIMA;7587;9
SANTA CATARINA;7587;1416
SAO PAULO;7587;8501
SERGIPE;7587;77
TOCANTINS;7587;119
GOIAS;7595;1
MINAS GERAIS;7595;1
RIO DE JANEIRO;7595;1
SAO PAULO;7595;1
SAO PAULO;7609;2
ALAGOAS;7617;1
BAHIA;7617;20
CEARA;7617;1
DISTRITO FEDERAL;7617;5
ESPIRITO SANTO;7617;2
GOIAS;7617;2
MARANHAO;7617;2
MATO GROSSO;7617;3
MATO GROSSO DO SUL;7617;1
MINAS GERAIS;7617;11
PARA;7617;9
PARAIBA;7617;3
PARANA;7617;4
PERNAMBUCO;7617;1
RIO DE JANEIRO;7617;19
RIO GRANDE DO NORTE;7617;1
RIO GRANDE DO SUL;7617;1
RONDONIA;7617;1
SANTA CATARINA;7617;15
SAO PAULO;7617;149
SERGIPE;7617;1
TOCANTINS;7617;1
ACRE;7625;97
ALAGOAS;7625;73
AMAZONAS;7625;195
AMAPA;7625;8
BAHIA;7625;311
CEARA;7625;627
DISTRITO FEDERAL;7625;1503
ESPIRITO SANTO;7625;377
GOIAS;7625;1712
MARANHAO;7625;281
MATO GROSSO;7625;88
MATO GROSSO DO SUL;7625;431
MINAS GERAIS;7625;2556
PARA;7625;222
PARAIBA;7625;448
PARANA;7625;2058
PERNAMBUCO;7625;382
PIAUI;7625;102
RIO DE JANEIRO;7625;741
RIO GRANDE DO NORTE;7625;126
RIO GRANDE DO SUL;7625;312
RONDONIA;7625;47
RORAIMA;7625;153
SANTA CATARINA;7625;1185
SAO PAULO;7625;3622
SERGIPE;7625;213
TOCANTINS;7625;38
ACRE;7633;250
ALAGOAS;7633;1406
AMAZONAS;7633;781
AMAPA;7633;166
BAHIA;7633;3505
CEARA;7633;2188
DISTRITO FEDERAL;7633;6855
ESPIRITO SANTO;7633;1401
GOIAS;7633;6909
MARANHAO;7633;1017
MATO GROSSO;7633;964
MATO GROSSO DO SUL;7633;2551
MINAS GERAIS;7633;14210
PARA;7633;610
PARAIBA;7633;1053
PARANA;7633;8660
PERNAMBUCO;7633;2349
PIAUI;7633;393
RIO DE JANEIRO;7633;4981
RIO GRANDE DO NORTE;7633;1327
RIO GRANDE DO SUL;7633;2465
RONDONIA;7633;534
RORAIMA;7633;40
SANTA CATARINA;7633;6715
SAO PAULO;7633;57798
SERGIPE;7633;1123
TOCANTINS;7633;140
ACRE;7684;28
ALAGOAS;7684;190
AMAZONAS;7684;32
AMAPA;7684;7
BAHIA;7684;297
CEARA;7684;10231
DISTRITO FEDERAL;7684;898
ESPIRITO SANTO;7684;194
GOIAS;7684;1181
MARANHAO;7684;42
MATO GROSSO;7684;467
MATO GROSSO DO SUL;7684;110
MINAS GERAIS;7684;890
PARA;7684;66
PARAIBA;7684;104
PARANA;7684;860
PERNAMBUCO;7684;734
PIAUI;7684;28
RIO DE JANEIRO;7684;185
RIO GRANDE DO NORTE;7684;210
RIO GRANDE DO SUL;7684;877
RONDONIA;7684;110
RORAIMA;7684;1
SANTA CATARINA;7684;1819
SAO PAULO;7684;26139
SERGIPE;7684;43
TOCANTINS;7684;25
ACRE;7714;2
ALAGOAS;7714;21
AMAZONAS;7714;21
AMAPA;7714;1
BAHIA;7714;35
CEARA;7714;143
DISTRITO FEDERAL;7714;38
ESPIRITO SANTO;7714;11
GOIAS;7714;124
MARANHAO;7714;15
MATO GROSSO;7714;39
MATO GROSSO DO SUL;7714;18
MINAS GERAIS;7714;71
PARA;7714;16
PARAIBA;7714;11
PARANA;7714;26
PERNAMBUCO;7714;45
PIAUI;7714;3
RIO DE JANEIRO;7714;19
RIO GRANDE DO NORTE;7714;30
RIO GRANDE DO SUL;7714;71
RONDONIA;7714;41
SANTA CATARINA;7714;123
SAO PAULO;7714;1415
SERGIPE;7714;10
TOCANTINS;7714;5
ACRE;7722;13
ALAGOAS;7722;221
AMAZONAS;7722;19
AMAPA;7722;30
BAHIA;7722;518
CEARA;7722;561
DISTRITO FEDERAL;7722;425
ESPIRITO SANTO;7722;140
GOIAS;7722;1214
MARANHAO;7722;39
MATO GROSSO;7722;1081
MATO GROSSO DO SUL;7722;455
MINAS GERAIS;7722;1666
PARA;7722;94
PARAIBA;7722;80
PARANA;7722;4370
PERNAMBUCO;7722;96
PIAUI;7722;78
RIO DE JANEIRO;7722;311
RIO GRANDE DO NORTE;7722;318
RIO GRANDE DO SUL;7722;3105
RONDONIA;7722;319
RORAIMA;7722;8
SANTA CATARINA;7722;1931
SAO PAULO;7722;5190
SERGIPE;7722;34
TOCANTINS;7722;50
